subject,regressor,beta_file,signature,score
RDC102,p_risk,cue_p_risk_c0.nii.gz,Ceko_NE,0.364029833
RDC102,p_risk,cue_p_risk_c0.nii.gz,LiuBecker_Amb,1.953488923
RDC102,r_risk,cue_r_risk_c0.nii.gz,Ceko_NE,0.158901279
RDC102,r_risk,cue_r_risk_c0.nii.gz,LiuBecker_Amb,-0.378658247
RDC102,a_amb,cue_a_amb_c0.nii.gz,Ceko_NE,-0.205920635
RDC102,a_amb,cue_a_amb_c0.nii.gz,LiuBecker_Amb,0.643873143
RDC104,p_risk,cue_p_risk_c0.nii.gz,Ceko_NE,0.30219173
RDC104,p_risk,cue_p_risk_c0.nii.gz,LiuBecker_Amb,2.054087656
RDC104,r_risk,cue_r_risk_c0.nii.gz,Ceko_NE,0.078358108
RDC104,r_risk,cue_r_risk_c0.nii.gz,LiuBecker_Amb,0.942724344
RDC104,a_amb,cue_a_amb_c0.nii.gz,Ceko_NE,0.093942898
RDC104,a_amb,cue_a_amb_c0.nii.gz,LiuBecker_Amb,-0.082887799
RDC105,p_risk,cue_p_risk_c0.nii.gz,Ceko_NE,0.054581641
RDC105,p_risk,cue_p_risk_c0.nii.gz,LiuBecker_Amb,1.305851394
RDC105,r_risk,cue_r_risk_c0.nii.gz,Ceko_NE,0.076915028
RDC105,r_risk,cue_r_risk_c0.nii.gz,LiuBecker_Amb,-0.892533142
RDC105,a_amb,cue_a_amb_c0.nii.gz,Ceko_NE,-0.06428525
RDC105,a_amb,cue_a_amb_c0.nii.gz,LiuBecker_Amb,-0.115144515
RDC106,p_risk,cue_p_risk_c0.nii.gz,Ceko_NE,0.412553096
RDC106,p_risk,cue_p_risk_c0.nii.gz,LiuBecker_Amb,0.568051853
RDC106,r_risk,cue_r_risk_c0.nii.gz,Ceko_NE,-0.020937713
RDC106,r_risk,cue_r_risk_c0.nii.gz,LiuBecker_Amb,-0.00648321
RDC106,a_amb,cue_a_amb_c0.nii.gz,Ceko_NE,0.192974719
RDC106,a_amb,cue_a_amb_c0.nii.gz,LiuBecker_Amb,1.070567195
RDC107,p_risk,cue_p_risk_c0.nii.gz,Ceko_NE,0.141525897
RDC107,p_risk,cue_p_risk_c0.nii.gz,LiuBecker_Amb,0.672803252
RDC107,r_risk,cue_r_risk_c0.nii.gz,Ceko_NE,-0.10478803
RDC107,r_risk,cue_r_risk_c0.nii.gz,LiuBecker_Amb,0.61033882
RDC107,a_amb,cue_a_amb_c0.nii.gz,Ceko_NE,0.038139777
RDC107,a_amb,cue_a_amb_c0.nii.gz,LiuBecker_Amb,-0.503878424
RDC109,p_risk,cue_p_risk_c0.nii.gz,Ceko_NE,0.048694154
RDC109,p_risk,cue_p_risk_c0.nii.gz,LiuBecker_Amb,0.231951944
RDC109,r_risk,cue_r_risk_c0.nii.gz,Ceko_NE,-0.059888445
RDC109,r_risk,cue_r_risk_c0.nii.gz,LiuBecker_Amb,-0.306794812
RDC109,a_amb,cue_a_amb_c0.nii.gz,Ceko_NE,0.170921233
RDC109,a_amb,cue_a_amb_c0.nii.gz,LiuBecker_Amb,0.804497887
RDC110,p_risk,cue_p_risk_c0.nii.gz,Ceko_NE,0.063588337
RDC110,p_risk,cue_p_risk_c0.nii.gz,LiuBecker_Amb,0.999440656
RDC110,r_risk,cue_r_risk_c0.nii.gz,Ceko_NE,-0.104656209
RDC110,r_risk,cue_r_risk_c0.nii.gz,LiuBecker_Amb,1.115970075
RDC110,a_amb,cue_a_amb_c0.nii.gz,Ceko_NE,-0.166242341
RDC110,a_amb,cue_a_amb_c0.nii.gz,LiuBecker_Amb,1.280378769
RDC111,p_risk,cue_p_risk_c0.nii.gz,Ceko_NE,0.230847489
RDC111,p_risk,cue_p_risk_c0.nii.gz,LiuBecker_Amb,1.429682036
RDC111,r_risk,cue_r_risk_c0.nii.gz,Ceko_NE,0.054355711
RDC111,r_risk,cue_r_risk_c0.nii.gz,LiuBecker_Amb,0.484008945
RDC111,a_amb,cue_a_amb_c0.nii.gz,Ceko_NE,-0.173535751
RDC111,a_amb,cue_a_amb_c0.nii.gz,LiuBecker_Amb,-0.581423573
RDC113,p_risk,cue_p_risk_c0.nii.gz,Ceko_NE,0.617621356
RDC113,p_risk,cue_p_risk_c0.nii.gz,LiuBecker_Amb,1.961429918
RDC113,r_risk,cue_r_risk_c0.nii.gz,Ceko_NE,0.427728211
RDC113,r_risk,cue_r_risk_c0.nii.gz,LiuBecker_Amb,0.218510509
RDC113,a_amb,cue_a_amb_c0.nii.gz,Ceko_NE,-0.059051028
RDC113,a_amb,cue_a_amb_c0.nii.gz,LiuBecker_Amb,1.551911494
RDC116,p_risk,cue_p_risk_c0.nii.gz,Ceko_NE,0.176089266
RDC116,p_risk,cue_p_risk_c0.nii.gz,LiuBecker_Amb,1.332852211
RDC116,r_risk,cue_r_risk_c0.nii.gz,Ceko_NE,-0.073922539
RDC116,r_risk,cue_r_risk_c0.nii.gz,LiuBecker_Amb,-0.691158013
RDC116,a_amb,cue_a_amb_c0.nii.gz,Ceko_NE,-0.222523649
RDC116,a_amb,cue_a_amb_c0.nii.gz,LiuBecker_Amb,0.117842625
RDC117,p_risk,cue_p_risk_c0.nii.gz,Ceko_NE,0.06544462
RDC117,p_risk,cue_p_risk_c0.nii.gz,LiuBecker_Amb,1.968990516
RDC117,r_risk,cue_r_risk_c0.nii.gz,Ceko_NE,0.046686681
RDC117,r_risk,cue_r_risk_c0.nii.gz,LiuBecker_Amb,-0.624739552
RDC117,a_amb,cue_a_amb_c0.nii.gz,Ceko_NE,0.104299726
RDC117,a_amb,cue_a_amb_c0.nii.gz,LiuBecker_Amb,0.882913586
RDC120,p_risk,cue_p_risk_c0.nii.gz,Ceko_NE,0.188336051
RDC120,p_risk,cue_p_risk_c0.nii.gz,LiuBecker_Amb,1.092968033
RDC120,r_risk,cue_r_risk_c0.nii.gz,Ceko_NE,-0.039435656
RDC120,r_risk,cue_r_risk_c0.nii.gz,LiuBecker_Amb,0.217854555
RDC120,a_amb,cue_a_amb_c0.nii.gz,Ceko_NE,0.124365674
RDC120,a_amb,cue_a_amb_c0.nii.gz,LiuBecker_Amb,-0.584738485
RDC125,p_risk,cue_p_risk_c0.nii.gz,Ceko_NE,0.088905856
RDC125,p_risk,cue_p_risk_c0.nii.gz,LiuBecker_Amb,2.412916281
RDC125,r_risk,cue_r_risk_c0.nii.gz,Ceko_NE,0.258111252
RDC125,r_risk,cue_r_risk_c0.nii.gz,LiuBecker_Amb,-0.51190826
RDC125,a_amb,cue_a_amb_c0.nii.gz,Ceko_NE,0.034465339
RDC125,a_amb,cue_a_amb_c0.nii.gz,LiuBecker_Amb,-0.185719519
RDC126,p_risk,cue_p_risk_c0.nii.gz,Ceko_NE,0.096269436
RDC126,p_risk,cue_p_risk_c0.nii.gz,LiuBecker_Amb,1.183202775
RDC126,r_risk,cue_r_risk_c0.nii.gz,Ceko_NE,-0.133903488
RDC126,r_risk,cue_r_risk_c0.nii.gz,LiuBecker_Amb,-0.496764845
RDC126,a_amb,cue_a_amb_c0.nii.gz,Ceko_NE,-0.123087446
RDC126,a_amb,cue_a_amb_c0.nii.gz,LiuBecker_Amb,-0.88231009
RDC127,p_risk,cue_p_risk_c0.nii.gz,Ceko_NE,-0.128035617
RDC127,p_risk,cue_p_risk_c0.nii.gz,LiuBecker_Amb,0.508138394
RDC127,r_risk,cue_r_risk_c0.nii.gz,Ceko_NE,-0.05547454
RDC127,r_risk,cue_r_risk_c0.nii.gz,LiuBecker_Amb,0.442044106
RDC127,a_amb,cue_a_amb_c0.nii.gz,Ceko_NE,0.066385442
RDC127,a_amb,cue_a_amb_c0.nii.gz,LiuBecker_Amb,0.204296506
RDC128,p_risk,cue_p_risk_c0.nii.gz,Ceko_NE,-0.089064257
RDC128,p_risk,cue_p_risk_c0.nii.gz,LiuBecker_Amb,1.866355125
RDC128,r_risk,cue_r_risk_c0.nii.gz,Ceko_NE,0.05044539
RDC128,r_risk,cue_r_risk_c0.nii.gz,LiuBecker_Amb,-0.250058623
RDC128,a_amb,cue_a_amb_c0.nii.gz,Ceko_NE,0.1857313
RDC128,a_amb,cue_a_amb_c0.nii.gz,LiuBecker_Amb,-0.296290083
RDC129,p_risk,cue_p_risk_c0.nii.gz,Ceko_NE,0.114900159
RDC129,p_risk,cue_p_risk_c0.nii.gz,LiuBecker_Amb,0.257842968
RDC129,r_risk,cue_r_risk_c0.nii.gz,Ceko_NE,-0.032923227
RDC129,r_risk,cue_r_risk_c0.nii.gz,LiuBecker_Amb,-1.581765899
RDC129,a_amb,cue_a_amb_c0.nii.gz,Ceko_NE,-0.060666695
RDC129,a_amb,cue_a_amb_c0.nii.gz,LiuBecker_Amb,-0.318909107
RDC130,p_risk,cue_p_risk_c0.nii.gz,Ceko_NE,0.564715265
RDC130,p_risk,cue_p_risk_c0.nii.gz,LiuBecker_Amb,1.591851203
RDC130,r_risk,cue_r_risk_c0.nii.gz,Ceko_NE,-0.083788926
RDC130,r_risk,cue_r_risk_c0.nii.gz,LiuBecker_Amb,0.321953137
RDC130,a_amb,cue_a_amb_c0.nii.gz,Ceko_NE,-0.495863668
RDC130,a_amb,cue_a_amb_c0.nii.gz,LiuBecker_Amb,1.33406634
RDC131,p_risk,cue_p_risk_c0.nii.gz,Ceko_NE,0.41424532
RDC131,p_risk,cue_p_risk_c0.nii.gz,LiuBecker_Amb,1.441240977
RDC131,r_risk,cue_r_risk_c0.nii.gz,Ceko_NE,0.163720891
RDC131,r_risk,cue_r_risk_c0.nii.gz,LiuBecker_Amb,0.325749869
RDC131,a_amb,cue_a_amb_c0.nii.gz,Ceko_NE,-0.002276654
RDC131,a_amb,cue_a_amb_c0.nii.gz,LiuBecker_Amb,0.884506994
RDC132,p_risk,cue_p_risk_c0.nii.gz,Ceko_NE,0.136204137
RDC132,p_risk,cue_p_risk_c0.nii.gz,LiuBecker_Amb,0.982867931
RDC132,r_risk,cue_r_risk_c0.nii.gz,Ceko_NE,0.098979297
RDC132,r_risk,cue_r_risk_c0.nii.gz,LiuBecker_Amb,-0.492916611
RDC132,a_amb,cue_a_amb_c0.nii.gz,Ceko_NE,-0.17236292
RDC132,a_amb,cue_a_amb_c0.nii.gz,LiuBecker_Amb,0.278957765
RDC133,p_risk,cue_p_risk_c0.nii.gz,Ceko_NE,0.265864834
RDC133,p_risk,cue_p_risk_c0.nii.gz,LiuBecker_Amb,2.262105482
RDC133,r_risk,cue_r_risk_c0.nii.gz,Ceko_NE,0.386328944
RDC133,r_risk,cue_r_risk_c0.nii.gz,LiuBecker_Amb,-0.185015803
RDC133,a_amb,cue_a_amb_c0.nii.gz,Ceko_NE,0.317950573
RDC133,a_amb,cue_a_amb_c0.nii.gz,LiuBecker_Amb,1.156536143
RDC134,p_risk,cue_p_risk_c0.nii.gz,Ceko_NE,0.384471177
RDC134,p_risk,cue_p_risk_c0.nii.gz,LiuBecker_Amb,1.425133797
RDC134,r_risk,cue_r_risk_c0.nii.gz,Ceko_NE,-0.069292072
RDC134,r_risk,cue_r_risk_c0.nii.gz,LiuBecker_Amb,0.044908899
RDC134,a_amb,cue_a_amb_c0.nii.gz,Ceko_NE,0.182743596
RDC134,a_amb,cue_a_amb_c0.nii.gz,LiuBecker_Amb,1.334601273
RDC136,p_risk,cue_p_risk_c0.nii.gz,Ceko_NE,0.476911685
RDC136,p_risk,cue_p_risk_c0.nii.gz,LiuBecker_Amb,1.550663123
RDC136,r_risk,cue_r_risk_c0.nii.gz,Ceko_NE,0.114264375
RDC136,r_risk,cue_r_risk_c0.nii.gz,LiuBecker_Amb,0.514375593
RDC136,a_amb,cue_a_amb_c0.nii.gz,Ceko_NE,-0.029578343
RDC136,a_amb,cue_a_amb_c0.nii.gz,LiuBecker_Amb,0.388971473
RDC137,p_risk,cue_p_risk_c0.nii.gz,Ceko_NE,0.141585664
RDC137,p_risk,cue_p_risk_c0.nii.gz,LiuBecker_Amb,0.743205726
RDC137,r_risk,cue_r_risk_c0.nii.gz,Ceko_NE,-0.147174224
RDC137,r_risk,cue_r_risk_c0.nii.gz,LiuBecker_Amb,-0.261011024
RDC137,a_amb,cue_a_amb_c0.nii.gz,Ceko_NE,0.195738648
RDC137,a_amb,cue_a_amb_c0.nii.gz,LiuBecker_Amb,0.065409129
RDC138,p_risk,cue_p_risk_c0.nii.gz,Ceko_NE,0.22055669
RDC138,p_risk,cue_p_risk_c0.nii.gz,LiuBecker_Amb,1.584468028
RDC138,r_risk,cue_r_risk_c0.nii.gz,Ceko_NE,0.072531276
RDC138,r_risk,cue_r_risk_c0.nii.gz,LiuBecker_Amb,-0.110621518
RDC138,a_amb,cue_a_amb_c0.nii.gz,Ceko_NE,0.055647949
RDC138,a_amb,cue_a_amb_c0.nii.gz,LiuBecker_Amb,-0.284278103
RDC139,p_risk,cue_p_risk_c0.nii.gz,Ceko_NE,0.090876599
RDC139,p_risk,cue_p_risk_c0.nii.gz,LiuBecker_Amb,1.395899762
RDC139,r_risk,cue_r_risk_c0.nii.gz,Ceko_NE,-0.000879661
RDC139,r_risk,cue_r_risk_c0.nii.gz,LiuBecker_Amb,0.099951916
RDC139,a_amb,cue_a_amb_c0.nii.gz,Ceko_NE,0.139025526
RDC139,a_amb,cue_a_amb_c0.nii.gz,LiuBecker_Amb,-0.763121127
RDC141,p_risk,cue_p_risk_c0.nii.gz,Ceko_NE,0.227780932
RDC141,p_risk,cue_p_risk_c0.nii.gz,LiuBecker_Amb,0.547208724
RDC141,r_risk,cue_r_risk_c0.nii.gz,Ceko_NE,0.346952319
RDC141,r_risk,cue_r_risk_c0.nii.gz,LiuBecker_Amb,1.241927063
RDC141,a_amb,cue_a_amb_c0.nii.gz,Ceko_NE,0.194271452
RDC141,a_amb,cue_a_amb_c0.nii.gz,LiuBecker_Amb,0.077131827
RDC143,p_risk,cue_p_risk_c0.nii.gz,Ceko_NE,0.070335755
RDC143,p_risk,cue_p_risk_c0.nii.gz,LiuBecker_Amb,1.780083937
RDC143,r_risk,cue_r_risk_c0.nii.gz,Ceko_NE,0.044928475
RDC143,r_risk,cue_r_risk_c0.nii.gz,LiuBecker_Amb,2.132664625
RDC143,a_amb,cue_a_amb_c0.nii.gz,Ceko_NE,-0.069672094
RDC143,a_amb,cue_a_amb_c0.nii.gz,LiuBecker_Amb,-0.311467901
RDC144,p_risk,cue_p_risk_c0.nii.gz,Ceko_NE,0.068304337
RDC144,p_risk,cue_p_risk_c0.nii.gz,LiuBecker_Amb,1.528672584
RDC144,r_risk,cue_r_risk_c0.nii.gz,Ceko_NE,0.131624135
RDC144,r_risk,cue_r_risk_c0.nii.gz,LiuBecker_Amb,0.269266726
RDC144,a_amb,cue_a_amb_c0.nii.gz,Ceko_NE,-0.120235996
RDC144,a_amb,cue_a_amb_c0.nii.gz,LiuBecker_Amb,0.535671861
RDC145,p_risk,cue_p_risk_c0.nii.gz,Ceko_NE,0.149998908
RDC145,p_risk,cue_p_risk_c0.nii.gz,LiuBecker_Amb,2.695939158
RDC145,r_risk,cue_r_risk_c0.nii.gz,Ceko_NE,-0.020861013
RDC145,r_risk,cue_r_risk_c0.nii.gz,LiuBecker_Amb,-0.615295639
RDC145,a_amb,cue_a_amb_c0.nii.gz,Ceko_NE,-0.054219519
RDC145,a_amb,cue_a_amb_c0.nii.gz,LiuBecker_Amb,0.954561418
RDC146,p_risk,cue_p_risk_c0.nii.gz,Ceko_NE,0.053033986
RDC146,p_risk,cue_p_risk_c0.nii.gz,LiuBecker_Amb,2.564123506
RDC146,r_risk,cue_r_risk_c0.nii.gz,Ceko_NE,0.195720071
RDC146,r_risk,cue_r_risk_c0.nii.gz,LiuBecker_Amb,-0.023816984
RDC146,a_amb,cue_a_amb_c0.nii.gz,Ceko_NE,0.032275999
RDC146,a_amb,cue_a_amb_c0.nii.gz,LiuBecker_Amb,-0.8498869
RDC147,p_risk,cue_p_risk_c0.nii.gz,Ceko_NE,0.632539961
RDC147,p_risk,cue_p_risk_c0.nii.gz,LiuBecker_Amb,0.978308126
RDC147,r_risk,cue_r_risk_c0.nii.gz,Ceko_NE,0.138006446
RDC147,r_risk,cue_r_risk_c0.nii.gz,LiuBecker_Amb,1.137763837
RDC147,a_amb,cue_a_amb_c0.nii.gz,Ceko_NE,0.127910711
RDC147,a_amb,cue_a_amb_c0.nii.gz,LiuBecker_Amb,0.493990567
RDC152,p_risk,cue_p_risk_c0.nii.gz,Ceko_NE,0.192880339
RDC152,p_risk,cue_p_risk_c0.nii.gz,LiuBecker_Amb,1.947517796
RDC152,r_risk,cue_r_risk_c0.nii.gz,Ceko_NE,-0.145523931
RDC152,r_risk,cue_r_risk_c0.nii.gz,LiuBecker_Amb,0.056775331
RDC152,a_amb,cue_a_amb_c0.nii.gz,Ceko_NE,-0.151378653
RDC152,a_amb,cue_a_amb_c0.nii.gz,LiuBecker_Amb,-0.352846021
RDC153,p_risk,cue_p_risk_c0.nii.gz,Ceko_NE,0.117451951
RDC153,p_risk,cue_p_risk_c0.nii.gz,LiuBecker_Amb,1.244412014
RDC153,r_risk,cue_r_risk_c0.nii.gz,Ceko_NE,-0.149618201
RDC153,r_risk,cue_r_risk_c0.nii.gz,LiuBecker_Amb,0.900328648
RDC153,a_amb,cue_a_amb_c0.nii.gz,Ceko_NE,-0.005205526
RDC153,a_amb,cue_a_amb_c0.nii.gz,LiuBecker_Amb,-1.891528011
RDC154,p_risk,cue_p_risk_c0.nii.gz,Ceko_NE,0.051239652
RDC154,p_risk,cue_p_risk_c0.nii.gz,LiuBecker_Amb,1.920774057
RDC154,r_risk,cue_r_risk_c0.nii.gz,Ceko_NE,0.011713032
RDC154,r_risk,cue_r_risk_c0.nii.gz,LiuBecker_Amb,0.28068301
RDC154,a_amb,cue_a_amb_c0.nii.gz,Ceko_NE,-0.044157886
RDC154,a_amb,cue_a_amb_c0.nii.gz,LiuBecker_Amb,0.283701107
RDC156,p_risk,cue_p_risk_c0.nii.gz,Ceko_NE,0.162828748
RDC156,p_risk,cue_p_risk_c0.nii.gz,LiuBecker_Amb,1.919396245
RDC156,r_risk,cue_r_risk_c0.nii.gz,Ceko_NE,0.065925616
RDC156,r_risk,cue_r_risk_c0.nii.gz,LiuBecker_Amb,0.648731047
RDC156,a_amb,cue_a_amb_c0.nii.gz,Ceko_NE,0.155735893
RDC156,a_amb,cue_a_amb_c0.nii.gz,LiuBecker_Amb,0.610061419
RDC157,p_risk,cue_p_risk_c0.nii.gz,Ceko_NE,0.364711978
RDC157,p_risk,cue_p_risk_c0.nii.gz,LiuBecker_Amb,0.96388436
RDC157,r_risk,cue_r_risk_c0.nii.gz,Ceko_NE,-0.251772553
RDC157,r_risk,cue_r_risk_c0.nii.gz,LiuBecker_Amb,-1.21186573
RDC157,a_amb,cue_a_amb_c0.nii.gz,Ceko_NE,0.046689255
RDC157,a_amb,cue_a_amb_c0.nii.gz,LiuBecker_Amb,0.026903452
RDC159,p_risk,cue_p_risk_c0.nii.gz,Ceko_NE,0.118771432
RDC159,p_risk,cue_p_risk_c0.nii.gz,LiuBecker_Amb,1.200441736
RDC159,r_risk,cue_r_risk_c0.nii.gz,Ceko_NE,0.163181349
RDC159,r_risk,cue_r_risk_c0.nii.gz,LiuBecker_Amb,0.280282939
RDC159,a_amb,cue_a_amb_c0.nii.gz,Ceko_NE,-0.161816738
RDC159,a_amb,cue_a_amb_c0.nii.gz,LiuBecker_Amb,0.219509066
RDC161,p_risk,cue_p_risk_c0.nii.gz,Ceko_NE,0.173577995
RDC161,p_risk,cue_p_risk_c0.nii.gz,LiuBecker_Amb,1.198051155
RDC161,r_risk,cue_r_risk_c0.nii.gz,Ceko_NE,0.015808155
RDC161,r_risk,cue_r_risk_c0.nii.gz,LiuBecker_Amb,-0.268444172
RDC161,a_amb,cue_a_amb_c0.nii.gz,Ceko_NE,-0.129528164
RDC161,a_amb,cue_a_amb_c0.nii.gz,LiuBecker_Amb,-0.345433142
RDC164,p_risk,cue_p_risk_c0.nii.gz,Ceko_NE,0.142408283
RDC164,p_risk,cue_p_risk_c0.nii.gz,LiuBecker_Amb,0.588707169
RDC164,r_risk,cue_r_risk_c0.nii.gz,Ceko_NE,-0.011054527
RDC164,r_risk,cue_r_risk_c0.nii.gz,LiuBecker_Amb,-0.277843819
RDC164,a_amb,cue_a_amb_c0.nii.gz,Ceko_NE,-0.358487573
RDC164,a_amb,cue_a_amb_c0.nii.gz,LiuBecker_Amb,-1.929488116
RDC165,p_risk,cue_p_risk_c0.nii.gz,Ceko_NE,0.437681046
RDC165,p_risk,cue_p_risk_c0.nii.gz,LiuBecker_Amb,1.953069588
RDC165,r_risk,cue_r_risk_c0.nii.gz,Ceko_NE,-0.161110157
RDC165,r_risk,cue_r_risk_c0.nii.gz,LiuBecker_Amb,0.269791825
RDC165,a_amb,cue_a_amb_c0.nii.gz,Ceko_NE,-0.028856511
RDC165,a_amb,cue_a_amb_c0.nii.gz,LiuBecker_Amb,-0.321770563
RDC167,p_risk,cue_p_risk_c0.nii.gz,Ceko_NE,0.182643179
RDC167,p_risk,cue_p_risk_c0.nii.gz,LiuBecker_Amb,0.904397733
RDC167,r_risk,cue_r_risk_c0.nii.gz,Ceko_NE,0.027074241
RDC167,r_risk,cue_r_risk_c0.nii.gz,LiuBecker_Amb,-0.50610609
RDC167,a_amb,cue_a_amb_c0.nii.gz,Ceko_NE,-0.13407676
RDC167,a_amb,cue_a_amb_c0.nii.gz,LiuBecker_Amb,-0.496077794
RDC171,p_risk,cue_p_risk_c0.nii.gz,Ceko_NE,-0.312328515
RDC171,p_risk,cue_p_risk_c0.nii.gz,LiuBecker_Amb,1.916468335
RDC171,r_risk,cue_r_risk_c0.nii.gz,Ceko_NE,-0.160712029
RDC171,r_risk,cue_r_risk_c0.nii.gz,LiuBecker_Amb,0.163743571
RDC171,a_amb,cue_a_amb_c0.nii.gz,Ceko_NE,-0.084243762
RDC171,a_amb,cue_a_amb_c0.nii.gz,LiuBecker_Amb,0.906164311
RDC172,p_risk,cue_p_risk_c0.nii.gz,Ceko_NE,0.072414199
RDC172,p_risk,cue_p_risk_c0.nii.gz,LiuBecker_Amb,0.304464993
RDC172,r_risk,cue_r_risk_c0.nii.gz,Ceko_NE,-0.058713464
RDC172,r_risk,cue_r_risk_c0.nii.gz,LiuBecker_Amb,-0.528517586
RDC172,a_amb,cue_a_amb_c0.nii.gz,Ceko_NE,0.183774399
RDC172,a_amb,cue_a_amb_c0.nii.gz,LiuBecker_Amb,-0.186918121
RDC174,p_risk,cue_p_risk_c0.nii.gz,Ceko_NE,0.323658745
RDC174,p_risk,cue_p_risk_c0.nii.gz,LiuBecker_Amb,1.378936259
RDC174,r_risk,cue_r_risk_c0.nii.gz,Ceko_NE,-0.073806696
RDC174,r_risk,cue_r_risk_c0.nii.gz,LiuBecker_Amb,0.218065605
RDC174,a_amb,cue_a_amb_c0.nii.gz,Ceko_NE,-0.120227367
RDC174,a_amb,cue_a_amb_c0.nii.gz,LiuBecker_Amb,-1.361517658
RDC175,p_risk,cue_p_risk_c0.nii.gz,Ceko_NE,0.389391432
RDC175,p_risk,cue_p_risk_c0.nii.gz,LiuBecker_Amb,1.230756133
RDC175,r_risk,cue_r_risk_c0.nii.gz,Ceko_NE,0.174589897
RDC175,r_risk,cue_r_risk_c0.nii.gz,LiuBecker_Amb,-0.311035073
RDC175,a_amb,cue_a_amb_c0.nii.gz,Ceko_NE,0.044505969
RDC175,a_amb,cue_a_amb_c0.nii.gz,LiuBecker_Amb,1.012691302
RDC176,p_risk,cue_p_risk_c0.nii.gz,Ceko_NE,0.163897939
RDC176,p_risk,cue_p_risk_c0.nii.gz,LiuBecker_Amb,1.908669004
RDC176,r_risk,cue_r_risk_c0.nii.gz,Ceko_NE,-0.091544451
RDC176,r_risk,cue_r_risk_c0.nii.gz,LiuBecker_Amb,-0.58970294
RDC176,a_amb,cue_a_amb_c0.nii.gz,Ceko_NE,0.326118844
RDC176,a_amb,cue_a_amb_c0.nii.gz,LiuBecker_Amb,-0.542143517
RDC177,p_risk,cue_p_risk_c0.nii.gz,Ceko_NE,0.319305598
RDC177,p_risk,cue_p_risk_c0.nii.gz,LiuBecker_Amb,0.786023102
RDC177,r_risk,cue_r_risk_c0.nii.gz,Ceko_NE,0.059572753
RDC177,r_risk,cue_r_risk_c0.nii.gz,LiuBecker_Amb,0.284685767
RDC177,a_amb,cue_a_amb_c0.nii.gz,Ceko_NE,0.148930618
RDC177,a_amb,cue_a_amb_c0.nii.gz,LiuBecker_Amb,-0.318097998
RDC178,p_risk,cue_p_risk_c0.nii.gz,Ceko_NE,0.117619879
RDC178,p_risk,cue_p_risk_c0.nii.gz,LiuBecker_Amb,0.873435117
RDC178,r_risk,cue_r_risk_c0.nii.gz,Ceko_NE,0.166011423
RDC178,r_risk,cue_r_risk_c0.nii.gz,LiuBecker_Amb,0.235342462
RDC178,a_amb,cue_a_amb_c0.nii.gz,Ceko_NE,-0.023872913
RDC178,a_amb,cue_a_amb_c0.nii.gz,LiuBecker_Amb,-1.740090168
RDC180,p_risk,cue_p_risk_c0.nii.gz,Ceko_NE,0.051817305
RDC180,p_risk,cue_p_risk_c0.nii.gz,LiuBecker_Amb,0.027072398
RDC180,r_risk,cue_r_risk_c0.nii.gz,Ceko_NE,0.165732077
RDC180,r_risk,cue_r_risk_c0.nii.gz,LiuBecker_Amb,-0.336563202
RDC180,a_amb,cue_a_amb_c0.nii.gz,Ceko_NE,0.03282211
RDC180,a_amb,cue_a_amb_c0.nii.gz,LiuBecker_Amb,0.351540446
RDC183,p_risk,cue_p_risk_c0.nii.gz,Ceko_NE,0.571717593
RDC183,p_risk,cue_p_risk_c0.nii.gz,LiuBecker_Amb,0.334732108
RDC183,r_risk,cue_r_risk_c0.nii.gz,Ceko_NE,-0.025492878
RDC183,r_risk,cue_r_risk_c0.nii.gz,LiuBecker_Amb,0.548352676
RDC183,a_amb,cue_a_amb_c0.nii.gz,Ceko_NE,0.020629195
RDC183,a_amb,cue_a_amb_c0.nii.gz,LiuBecker_Amb,-0.649714018
RDC184,p_risk,cue_p_risk_c0.nii.gz,Ceko_NE,0.179787017
RDC184,p_risk,cue_p_risk_c0.nii.gz,LiuBecker_Amb,0.919704289
RDC184,r_risk,cue_r_risk_c0.nii.gz,Ceko_NE,-0.088818298
RDC184,r_risk,cue_r_risk_c0.nii.gz,LiuBecker_Amb,0.961995088
RDC184,a_amb,cue_a_amb_c0.nii.gz,Ceko_NE,0.3377455
RDC184,a_amb,cue_a_amb_c0.nii.gz,LiuBecker_Amb,-1.108562264
RDC186,p_risk,cue_p_risk_c0.nii.gz,Ceko_NE,0.289960288
RDC186,p_risk,cue_p_risk_c0.nii.gz,LiuBecker_Amb,0.850962958
RDC186,r_risk,cue_r_risk_c0.nii.gz,Ceko_NE,0.00144664
RDC186,r_risk,cue_r_risk_c0.nii.gz,LiuBecker_Amb,0.471765043
RDC186,a_amb,cue_a_amb_c0.nii.gz,Ceko_NE,0.160999646
RDC186,a_amb,cue_a_amb_c0.nii.gz,LiuBecker_Amb,0.410830579
RDC189,p_risk,cue_p_risk_c0.nii.gz,Ceko_NE,0.249676284
RDC189,p_risk,cue_p_risk_c0.nii.gz,LiuBecker_Amb,2.485479155
RDC189,r_risk,cue_r_risk_c0.nii.gz,Ceko_NE,0.125371674
RDC189,r_risk,cue_r_risk_c0.nii.gz,LiuBecker_Amb,0.078839253
RDC189,a_amb,cue_a_amb_c0.nii.gz,Ceko_NE,0.121469289
RDC189,a_amb,cue_a_amb_c0.nii.gz,LiuBecker_Amb,-0.048471329
RDC190,p_risk,cue_p_risk_c0.nii.gz,Ceko_NE,0.351030663
RDC190,p_risk,cue_p_risk_c0.nii.gz,LiuBecker_Amb,1.354037926
RDC190,r_risk,cue_r_risk_c0.nii.gz,Ceko_NE,0.131192656
RDC190,r_risk,cue_r_risk_c0.nii.gz,LiuBecker_Amb,0.026709777
RDC190,a_amb,cue_a_amb_c0.nii.gz,Ceko_NE,-0.311368455
RDC190,a_amb,cue_a_amb_c0.nii.gz,LiuBecker_Amb,-0.796940813
RDC192,p_risk,cue_p_risk_c0.nii.gz,Ceko_NE,0.264960586
RDC192,p_risk,cue_p_risk_c0.nii.gz,LiuBecker_Amb,1.423772988
RDC192,r_risk,cue_r_risk_c0.nii.gz,Ceko_NE,0.008664452
RDC192,r_risk,cue_r_risk_c0.nii.gz,LiuBecker_Amb,-0.030049337
RDC192,a_amb,cue_a_amb_c0.nii.gz,Ceko_NE,0.128226801
RDC192,a_amb,cue_a_amb_c0.nii.gz,LiuBecker_Amb,0.212454942
RDC193,p_risk,cue_p_risk_c0.nii.gz,Ceko_NE,0.196784501
RDC193,p_risk,cue_p_risk_c0.nii.gz,LiuBecker_Amb,2.672251802
RDC193,r_risk,cue_r_risk_c0.nii.gz,Ceko_NE,0.086795098
RDC193,r_risk,cue_r_risk_c0.nii.gz,LiuBecker_Amb,-0.174036357
RDC193,a_amb,cue_a_amb_c0.nii.gz,Ceko_NE,-0.113900566
RDC193,a_amb,cue_a_amb_c0.nii.gz,LiuBecker_Amb,-0.684063919
RDC195,p_risk,cue_p_risk_c0.nii.gz,Ceko_NE,0.338067698
RDC195,p_risk,cue_p_risk_c0.nii.gz,LiuBecker_Amb,1.533550274
RDC195,r_risk,cue_r_risk_c0.nii.gz,Ceko_NE,0.196921725
RDC195,r_risk,cue_r_risk_c0.nii.gz,LiuBecker_Amb,-0.121607727
RDC195,a_amb,cue_a_amb_c0.nii.gz,Ceko_NE,-0.209849744
RDC195,a_amb,cue_a_amb_c0.nii.gz,LiuBecker_Amb,0.033798202
RDC196,p_risk,cue_p_risk_c0.nii.gz,Ceko_NE,0.560064396
RDC196,p_risk,cue_p_risk_c0.nii.gz,LiuBecker_Amb,1.818425579
RDC196,r_risk,cue_r_risk_c0.nii.gz,Ceko_NE,0.018069024
RDC196,r_risk,cue_r_risk_c0.nii.gz,LiuBecker_Amb,0.898342373
RDC196,a_amb,cue_a_amb_c0.nii.gz,Ceko_NE,0.090893507
RDC196,a_amb,cue_a_amb_c0.nii.gz,LiuBecker_Amb,0.095121701
RDC198,p_risk,cue_p_risk_c0.nii.gz,Ceko_NE,0.258937498
RDC198,p_risk,cue_p_risk_c0.nii.gz,LiuBecker_Amb,1.07726062
RDC198,r_risk,cue_r_risk_c0.nii.gz,Ceko_NE,0.034941211
RDC198,r_risk,cue_r_risk_c0.nii.gz,LiuBecker_Amb,0.07779437
RDC198,a_amb,cue_a_amb_c0.nii.gz,Ceko_NE,0.224521365
RDC198,a_amb,cue_a_amb_c0.nii.gz,LiuBecker_Amb,0.093318401
RDC200,p_risk,cue_p_risk_c0.nii.gz,Ceko_NE,0.106705841
RDC200,p_risk,cue_p_risk_c0.nii.gz,LiuBecker_Amb,0.947593112
RDC200,r_risk,cue_r_risk_c0.nii.gz,Ceko_NE,-0.016771305
RDC200,r_risk,cue_r_risk_c0.nii.gz,LiuBecker_Amb,-0.428922163
RDC200,a_amb,cue_a_amb_c0.nii.gz,Ceko_NE,0.286725688
RDC200,a_amb,cue_a_amb_c0.nii.gz,LiuBecker_Amb,0.070377215
RDC202,p_risk,cue_p_risk_c0.nii.gz,Ceko_NE,0.462899376
RDC202,p_risk,cue_p_risk_c0.nii.gz,LiuBecker_Amb,2.040956012
RDC202,r_risk,cue_r_risk_c0.nii.gz,Ceko_NE,-0.043355776
RDC202,r_risk,cue_r_risk_c0.nii.gz,LiuBecker_Amb,1.124661299
RDC202,a_amb,cue_a_amb_c0.nii.gz,Ceko_NE,0.159976626
RDC202,a_amb,cue_a_amb_c0.nii.gz,LiuBecker_Amb,-0.460337705
RDC203,p_risk,cue_p_risk_c0.nii.gz,Ceko_NE,0.314986942
RDC203,p_risk,cue_p_risk_c0.nii.gz,LiuBecker_Amb,1.172285096
RDC203,r_risk,cue_r_risk_c0.nii.gz,Ceko_NE,-0.033446898
RDC203,r_risk,cue_r_risk_c0.nii.gz,LiuBecker_Amb,-0.313246512
RDC203,a_amb,cue_a_amb_c0.nii.gz,Ceko_NE,0.278120451
RDC203,a_amb,cue_a_amb_c0.nii.gz,LiuBecker_Amb,-0.390947766
RDC204,p_risk,cue_p_risk_c0.nii.gz,Ceko_NE,0.335156044
RDC204,p_risk,cue_p_risk_c0.nii.gz,LiuBecker_Amb,-0.962193256
RDC204,r_risk,cue_r_risk_c0.nii.gz,Ceko_NE,0.100274871
RDC204,r_risk,cue_r_risk_c0.nii.gz,LiuBecker_Amb,1.019736984
RDC204,a_amb,cue_a_amb_c0.nii.gz,Ceko_NE,-0.275737845
RDC204,a_amb,cue_a_amb_c0.nii.gz,LiuBecker_Amb,-0.383450343
RDC207,p_risk,cue_p_risk_c0.nii.gz,Ceko_NE,0.215426392
RDC207,p_risk,cue_p_risk_c0.nii.gz,LiuBecker_Amb,1.606587267
RDC207,r_risk,cue_r_risk_c0.nii.gz,Ceko_NE,0.049650122
RDC207,r_risk,cue_r_risk_c0.nii.gz,LiuBecker_Amb,0.2526708
RDC207,a_amb,cue_a_amb_c0.nii.gz,Ceko_NE,0.0703677
RDC207,a_amb,cue_a_amb_c0.nii.gz,LiuBecker_Amb,0.407265413
RDC208,p_risk,cue_p_risk_c0.nii.gz,Ceko_NE,0.143803388
RDC208,p_risk,cue_p_risk_c0.nii.gz,LiuBecker_Amb,2.71404193
RDC208,r_risk,cue_r_risk_c0.nii.gz,Ceko_NE,-0.031479842
RDC208,r_risk,cue_r_risk_c0.nii.gz,LiuBecker_Amb,0.766699752
RDC208,a_amb,cue_a_amb_c0.nii.gz,Ceko_NE,0.316697398
RDC208,a_amb,cue_a_amb_c0.nii.gz,LiuBecker_Amb,-0.617070811
RDC209,p_risk,cue_p_risk_c0.nii.gz,Ceko_NE,0.366901809
RDC209,p_risk,cue_p_risk_c0.nii.gz,LiuBecker_Amb,2.444560202
RDC209,r_risk,cue_r_risk_c0.nii.gz,Ceko_NE,-0.058009248
RDC209,r_risk,cue_r_risk_c0.nii.gz,LiuBecker_Amb,0.316214082
RDC209,a_amb,cue_a_amb_c0.nii.gz,Ceko_NE,-0.024601082
RDC209,a_amb,cue_a_amb_c0.nii.gz,LiuBecker_Amb,-0.908632942
RDC210,p_risk,cue_p_risk_c0.nii.gz,Ceko_NE,0.281556627
RDC210,p_risk,cue_p_risk_c0.nii.gz,LiuBecker_Amb,1.612462657
RDC210,r_risk,cue_r_risk_c0.nii.gz,Ceko_NE,0.034460934
RDC210,r_risk,cue_r_risk_c0.nii.gz,LiuBecker_Amb,-0.657377627
RDC210,a_amb,cue_a_amb_c0.nii.gz,Ceko_NE,0.04230618
RDC210,a_amb,cue_a_amb_c0.nii.gz,LiuBecker_Amb,-0.639806581
RDC211,p_risk,cue_p_risk_c0.nii.gz,Ceko_NE,-0.025742156
RDC211,p_risk,cue_p_risk_c0.nii.gz,LiuBecker_Amb,1.325676725
RDC211,r_risk,cue_r_risk_c0.nii.gz,Ceko_NE,-0.076459397
RDC211,r_risk,cue_r_risk_c0.nii.gz,LiuBecker_Amb,-0.295612334
RDC211,a_amb,cue_a_amb_c0.nii.gz,Ceko_NE,-0.027262219
RDC211,a_amb,cue_a_amb_c0.nii.gz,LiuBecker_Amb,-1.121966871
RDC212,p_risk,cue_p_risk_c0.nii.gz,Ceko_NE,-0.015766894
RDC212,p_risk,cue_p_risk_c0.nii.gz,LiuBecker_Amb,1.291406277
RDC212,r_risk,cue_r_risk_c0.nii.gz,Ceko_NE,-0.058025682
RDC212,r_risk,cue_r_risk_c0.nii.gz,LiuBecker_Amb,-0.757690406
RDC212,a_amb,cue_a_amb_c0.nii.gz,Ceko_NE,0.124085707
RDC212,a_amb,cue_a_amb_c0.nii.gz,LiuBecker_Amb,0.4076276
RDC213,p_risk,cue_p_risk_c0.nii.gz,Ceko_NE,0.334276296
RDC213,p_risk,cue_p_risk_c0.nii.gz,LiuBecker_Amb,0.770978816
RDC213,r_risk,cue_r_risk_c0.nii.gz,Ceko_NE,-0.067681177
RDC213,r_risk,cue_r_risk_c0.nii.gz,LiuBecker_Amb,-0.162130336
RDC213,a_amb,cue_a_amb_c0.nii.gz,Ceko_NE,-0.157730251
RDC213,a_amb,cue_a_amb_c0.nii.gz,LiuBecker_Amb,0.548619461
RDC214,p_risk,cue_p_risk_c0.nii.gz,Ceko_NE,0.409192774
RDC214,p_risk,cue_p_risk_c0.nii.gz,LiuBecker_Amb,1.80158217
RDC214,r_risk,cue_r_risk_c0.nii.gz,Ceko_NE,-0.11258867
RDC214,r_risk,cue_r_risk_c0.nii.gz,LiuBecker_Amb,0.100009957
RDC214,a_amb,cue_a_amb_c0.nii.gz,Ceko_NE,0.087536296
RDC214,a_amb,cue_a_amb_c0.nii.gz,LiuBecker_Amb,0.830217053
RDC216,p_risk,cue_p_risk_c0.nii.gz,Ceko_NE,0.17260938
RDC216,p_risk,cue_p_risk_c0.nii.gz,LiuBecker_Amb,-0.137615662
RDC216,r_risk,cue_r_risk_c0.nii.gz,Ceko_NE,0.060544099
RDC216,r_risk,cue_r_risk_c0.nii.gz,LiuBecker_Amb,0.091773466
RDC216,a_amb,cue_a_amb_c0.nii.gz,Ceko_NE,-0.066737372
RDC216,a_amb,cue_a_amb_c0.nii.gz,LiuBecker_Amb,-0.072758952
RDC217,p_risk,cue_p_risk_c0.nii.gz,Ceko_NE,0.328143827
RDC217,p_risk,cue_p_risk_c0.nii.gz,LiuBecker_Amb,2.091021952
RDC217,r_risk,cue_r_risk_c0.nii.gz,Ceko_NE,-0.070130598
RDC217,r_risk,cue_r_risk_c0.nii.gz,LiuBecker_Amb,-0.170797908
RDC217,a_amb,cue_a_amb_c0.nii.gz,Ceko_NE,-0.113417246
RDC217,a_amb,cue_a_amb_c0.nii.gz,LiuBecker_Amb,-0.004036997
RDC220,p_risk,cue_p_risk_c0.nii.gz,Ceko_NE,-0.226860406
RDC220,p_risk,cue_p_risk_c0.nii.gz,LiuBecker_Amb,1.552052406
RDC220,r_risk,cue_r_risk_c0.nii.gz,Ceko_NE,0.0368897
RDC220,r_risk,cue_r_risk_c0.nii.gz,LiuBecker_Amb,-0.077468615
RDC220,a_amb,cue_a_amb_c0.nii.gz,Ceko_NE,0.275080574
RDC220,a_amb,cue_a_amb_c0.nii.gz,LiuBecker_Amb,0.468093745
RDC221,p_risk,cue_p_risk_c0.nii.gz,Ceko_NE,0.411884641
RDC221,p_risk,cue_p_risk_c0.nii.gz,LiuBecker_Amb,0.125333697
RDC221,r_risk,cue_r_risk_c0.nii.gz,Ceko_NE,-0.037151259
RDC221,r_risk,cue_r_risk_c0.nii.gz,LiuBecker_Amb,0.062883901
RDC221,a_amb,cue_a_amb_c0.nii.gz,Ceko_NE,0.271327755
RDC221,a_amb,cue_a_amb_c0.nii.gz,LiuBecker_Amb,1.592661104
RDC222,p_risk,cue_p_risk_c0.nii.gz,Ceko_NE,0.044626381
RDC222,p_risk,cue_p_risk_c0.nii.gz,LiuBecker_Amb,0.470470427
RDC222,r_risk,cue_r_risk_c0.nii.gz,Ceko_NE,0.009443675
RDC222,r_risk,cue_r_risk_c0.nii.gz,LiuBecker_Amb,-0.199354829
RDC222,a_amb,cue_a_amb_c0.nii.gz,Ceko_NE,-0.372687657
RDC222,a_amb,cue_a_amb_c0.nii.gz,LiuBecker_Amb,0.059323013
RDC225,p_risk,cue_p_risk_c0.nii.gz,Ceko_NE,0.425838521
RDC225,p_risk,cue_p_risk_c0.nii.gz,LiuBecker_Amb,1.913055132
RDC225,r_risk,cue_r_risk_c0.nii.gz,Ceko_NE,-0.304845637
RDC225,r_risk,cue_r_risk_c0.nii.gz,LiuBecker_Amb,0.659618217
RDC225,a_amb,cue_a_amb_c0.nii.gz,Ceko_NE,-0.074067223
RDC225,a_amb,cue_a_amb_c0.nii.gz,LiuBecker_Amb,-0.620593689
RDC226,p_risk,cue_p_risk_c0.nii.gz,Ceko_NE,0.138043166
RDC226,p_risk,cue_p_risk_c0.nii.gz,LiuBecker_Amb,0.997608334
RDC226,r_risk,cue_r_risk_c0.nii.gz,Ceko_NE,-0.015281602
RDC226,r_risk,cue_r_risk_c0.nii.gz,LiuBecker_Amb,-1.272181405
RDC226,a_amb,cue_a_amb_c0.nii.gz,Ceko_NE,-0.188816308
RDC226,a_amb,cue_a_amb_c0.nii.gz,LiuBecker_Amb,-1.168322392
RDC227,p_risk,cue_p_risk_c0.nii.gz,Ceko_NE,0.127706719
RDC227,p_risk,cue_p_risk_c0.nii.gz,LiuBecker_Amb,1.736449602
RDC227,r_risk,cue_r_risk_c0.nii.gz,Ceko_NE,-0.082370654
RDC227,r_risk,cue_r_risk_c0.nii.gz,LiuBecker_Amb,0.237226977
RDC227,a_amb,cue_a_amb_c0.nii.gz,Ceko_NE,-0.071163481
RDC227,a_amb,cue_a_amb_c0.nii.gz,LiuBecker_Amb,0.575263313
RDC228,p_risk,cue_p_risk_c0.nii.gz,Ceko_NE,0.222842406
RDC228,p_risk,cue_p_risk_c0.nii.gz,LiuBecker_Amb,1.519539085
RDC228,r_risk,cue_r_risk_c0.nii.gz,Ceko_NE,0.053387866
RDC228,r_risk,cue_r_risk_c0.nii.gz,LiuBecker_Amb,-0.186778802
RDC228,a_amb,cue_a_amb_c0.nii.gz,Ceko_NE,-0.067927293
RDC228,a_amb,cue_a_amb_c0.nii.gz,LiuBecker_Amb,-2.378660241
RDC229,p_risk,cue_p_risk_c0.nii.gz,Ceko_NE,0.06838449
RDC229,p_risk,cue_p_risk_c0.nii.gz,LiuBecker_Amb,0.161772434
RDC229,r_risk,cue_r_risk_c0.nii.gz,Ceko_NE,-0.065281724
RDC229,r_risk,cue_r_risk_c0.nii.gz,LiuBecker_Amb,-0.551147852
RDC229,a_amb,cue_a_amb_c0.nii.gz,Ceko_NE,-0.159131429
RDC229,a_amb,cue_a_amb_c0.nii.gz,LiuBecker_Amb,-0.285103246
RDC230,p_risk,cue_p_risk_c0.nii.gz,Ceko_NE,0.748471678
RDC230,p_risk,cue_p_risk_c0.nii.gz,LiuBecker_Amb,0.58592139
RDC230,r_risk,cue_r_risk_c0.nii.gz,Ceko_NE,-0.150551977
RDC230,r_risk,cue_r_risk_c0.nii.gz,LiuBecker_Amb,0.778782485
RDC230,a_amb,cue_a_amb_c0.nii.gz,Ceko_NE,0.234565057
RDC230,a_amb,cue_a_amb_c0.nii.gz,LiuBecker_Amb,0.324531653
RDC231,p_risk,cue_p_risk_c0.nii.gz,Ceko_NE,0.298417083
RDC231,p_risk,cue_p_risk_c0.nii.gz,LiuBecker_Amb,1.821601301
RDC231,r_risk,cue_r_risk_c0.nii.gz,Ceko_NE,-0.001969312
RDC231,r_risk,cue_r_risk_c0.nii.gz,LiuBecker_Amb,-0.122198867
RDC231,a_amb,cue_a_amb_c0.nii.gz,Ceko_NE,0.203174933
RDC231,a_amb,cue_a_amb_c0.nii.gz,LiuBecker_Amb,-0.042936394
RDC232,p_risk,cue_p_risk_c0.nii.gz,Ceko_NE,0.367750789
RDC232,p_risk,cue_p_risk_c0.nii.gz,LiuBecker_Amb,0.719159567
RDC232,r_risk,cue_r_risk_c0.nii.gz,Ceko_NE,-0.058209508
RDC232,r_risk,cue_r_risk_c0.nii.gz,LiuBecker_Amb,0.274742371
RDC232,a_amb,cue_a_amb_c0.nii.gz,Ceko_NE,0.113696936
RDC232,a_amb,cue_a_amb_c0.nii.gz,LiuBecker_Amb,-0.601260487
RDC233,p_risk,cue_p_risk_c0.nii.gz,Ceko_NE,0.155993745
RDC233,p_risk,cue_p_risk_c0.nii.gz,LiuBecker_Amb,0.134441015
RDC233,r_risk,cue_r_risk_c0.nii.gz,Ceko_NE,0.083625131
RDC233,r_risk,cue_r_risk_c0.nii.gz,LiuBecker_Amb,-0.437177207
RDC233,a_amb,cue_a_amb_c0.nii.gz,Ceko_NE,0.141706885
RDC233,a_amb,cue_a_amb_c0.nii.gz,LiuBecker_Amb,-0.418973549
RDC234,p_risk,cue_p_risk_c0.nii.gz,Ceko_NE,0.363772037
RDC234,p_risk,cue_p_risk_c0.nii.gz,LiuBecker_Amb,0.634458592
RDC234,r_risk,cue_r_risk_c0.nii.gz,Ceko_NE,0.19064812
RDC234,r_risk,cue_r_risk_c0.nii.gz,LiuBecker_Amb,-0.273324357
RDC234,a_amb,cue_a_amb_c0.nii.gz,Ceko_NE,-0.210882669
RDC234,a_amb,cue_a_amb_c0.nii.gz,LiuBecker_Amb,-0.65060901
RDC235,p_risk,cue_p_risk_c0.nii.gz,Ceko_NE,0.167077456
RDC235,p_risk,cue_p_risk_c0.nii.gz,LiuBecker_Amb,1.639773387
RDC235,r_risk,cue_r_risk_c0.nii.gz,Ceko_NE,0.067127053
RDC235,r_risk,cue_r_risk_c0.nii.gz,LiuBecker_Amb,-0.276405692
RDC235,a_amb,cue_a_amb_c0.nii.gz,Ceko_NE,-0.031927772
RDC235,a_amb,cue_a_amb_c0.nii.gz,LiuBecker_Amb,-1.422367854
RDC236,p_risk,cue_p_risk_c0.nii.gz,Ceko_NE,0.277356436
RDC236,p_risk,cue_p_risk_c0.nii.gz,LiuBecker_Amb,1.928008264
RDC236,r_risk,cue_r_risk_c0.nii.gz,Ceko_NE,-0.266473088
RDC236,r_risk,cue_r_risk_c0.nii.gz,LiuBecker_Amb,-0.33011788
RDC236,a_amb,cue_a_amb_c0.nii.gz,Ceko_NE,0.319077561
RDC236,a_amb,cue_a_amb_c0.nii.gz,LiuBecker_Amb,0.068591914
RDC237,p_risk,cue_p_risk_c0.nii.gz,Ceko_NE,0.309149626
RDC237,p_risk,cue_p_risk_c0.nii.gz,LiuBecker_Amb,1.531878921
RDC237,r_risk,cue_r_risk_c0.nii.gz,Ceko_NE,0.190951938
RDC237,r_risk,cue_r_risk_c0.nii.gz,LiuBecker_Amb,-0.63072684
RDC237,a_amb,cue_a_amb_c0.nii.gz,Ceko_NE,-0.003280616
RDC237,a_amb,cue_a_amb_c0.nii.gz,LiuBecker_Amb,-0.039228511
RDC238,p_risk,cue_p_risk_c0.nii.gz,Ceko_NE,0.200382707
RDC238,p_risk,cue_p_risk_c0.nii.gz,LiuBecker_Amb,1.80317253
RDC238,r_risk,cue_r_risk_c0.nii.gz,Ceko_NE,0.104975876
RDC238,r_risk,cue_r_risk_c0.nii.gz,LiuBecker_Amb,1.485172853
RDC238,a_amb,cue_a_amb_c0.nii.gz,Ceko_NE,0.178319129
RDC238,a_amb,cue_a_amb_c0.nii.gz,LiuBecker_Amb,-0.812247432
RDC243,p_risk,cue_p_risk_c0.nii.gz,Ceko_NE,0.136851999
RDC243,p_risk,cue_p_risk_c0.nii.gz,LiuBecker_Amb,0.458332624
RDC243,r_risk,cue_r_risk_c0.nii.gz,Ceko_NE,0.202647654
RDC243,r_risk,cue_r_risk_c0.nii.gz,LiuBecker_Amb,0.236552025
RDC243,a_amb,cue_a_amb_c0.nii.gz,Ceko_NE,0.000484684
RDC243,a_amb,cue_a_amb_c0.nii.gz,LiuBecker_Amb,0.619766676
RDC244,p_risk,cue_p_risk_c0.nii.gz,Ceko_NE,0.306788143
RDC244,p_risk,cue_p_risk_c0.nii.gz,LiuBecker_Amb,-0.448338622
RDC244,r_risk,cue_r_risk_c0.nii.gz,Ceko_NE,-0.043073312
RDC244,r_risk,cue_r_risk_c0.nii.gz,LiuBecker_Amb,-0.791460803
RDC244,a_amb,cue_a_amb_c0.nii.gz,Ceko_NE,0.040512432
RDC244,a_amb,cue_a_amb_c0.nii.gz,LiuBecker_Amb,-0.435223585
RDC246,p_risk,cue_p_risk_c0.nii.gz,Ceko_NE,0.146816691
RDC246,p_risk,cue_p_risk_c0.nii.gz,LiuBecker_Amb,0.463610128
RDC246,r_risk,cue_r_risk_c0.nii.gz,Ceko_NE,0.10803393
RDC246,r_risk,cue_r_risk_c0.nii.gz,LiuBecker_Amb,0.024840668
RDC246,a_amb,cue_a_amb_c0.nii.gz,Ceko_NE,-0.208407826
RDC246,a_amb,cue_a_amb_c0.nii.gz,LiuBecker_Amb,-1.171547942
RDC247,p_risk,cue_p_risk_c0.nii.gz,Ceko_NE,0.062916114
RDC247,p_risk,cue_p_risk_c0.nii.gz,LiuBecker_Amb,1.046628012
RDC247,r_risk,cue_r_risk_c0.nii.gz,Ceko_NE,-0.094963983
RDC247,r_risk,cue_r_risk_c0.nii.gz,LiuBecker_Amb,-0.190759383
RDC247,a_amb,cue_a_amb_c0.nii.gz,Ceko_NE,0.063673943
RDC247,a_amb,cue_a_amb_c0.nii.gz,LiuBecker_Amb,-0.300786328
RDC248,p_risk,cue_p_risk_c0.nii.gz,Ceko_NE,0.074187221
RDC248,p_risk,cue_p_risk_c0.nii.gz,LiuBecker_Amb,0.716568513
RDC248,r_risk,cue_r_risk_c0.nii.gz,Ceko_NE,0.127831048
RDC248,r_risk,cue_r_risk_c0.nii.gz,LiuBecker_Amb,0.264919211
RDC248,a_amb,cue_a_amb_c0.nii.gz,Ceko_NE,0.024076486
RDC248,a_amb,cue_a_amb_c0.nii.gz,LiuBecker_Amb,0.166944159
RDC249,p_risk,cue_p_risk_c0.nii.gz,Ceko_NE,0.220275288
RDC249,p_risk,cue_p_risk_c0.nii.gz,LiuBecker_Amb,0.975111588
RDC249,r_risk,cue_r_risk_c0.nii.gz,Ceko_NE,-0.105165863
RDC249,r_risk,cue_r_risk_c0.nii.gz,LiuBecker_Amb,-0.025129186
RDC249,a_amb,cue_a_amb_c0.nii.gz,Ceko_NE,0.005596504
RDC249,a_amb,cue_a_amb_c0.nii.gz,LiuBecker_Amb,-0.688683487
RDC250,p_risk,cue_p_risk_c0.nii.gz,Ceko_NE,0.195657176
RDC250,p_risk,cue_p_risk_c0.nii.gz,LiuBecker_Amb,1.613870683
RDC250,r_risk,cue_r_risk_c0.nii.gz,Ceko_NE,-0.354155332
RDC250,r_risk,cue_r_risk_c0.nii.gz,LiuBecker_Amb,-0.568719032
RDC250,a_amb,cue_a_amb_c0.nii.gz,Ceko_NE,-0.303908971
RDC250,a_amb,cue_a_amb_c0.nii.gz,LiuBecker_Amb,-0.073127475
RDC259,p_risk,cue_p_risk_c0.nii.gz,Ceko_NE,0.042521034
RDC259,p_risk,cue_p_risk_c0.nii.gz,LiuBecker_Amb,0.456339602
RDC259,r_risk,cue_r_risk_c0.nii.gz,Ceko_NE,0.044841778
RDC259,r_risk,cue_r_risk_c0.nii.gz,LiuBecker_Amb,-0.267081522
RDC259,a_amb,cue_a_amb_c0.nii.gz,Ceko_NE,0.100123577
RDC259,a_amb,cue_a_amb_c0.nii.gz,LiuBecker_Amb,-0.123192096
RDC261,p_risk,cue_p_risk_c0.nii.gz,Ceko_NE,-0.04245443
RDC261,p_risk,cue_p_risk_c0.nii.gz,LiuBecker_Amb,1.783080031
RDC261,r_risk,cue_r_risk_c0.nii.gz,Ceko_NE,0.088550275
RDC261,r_risk,cue_r_risk_c0.nii.gz,LiuBecker_Amb,-0.411909533
RDC261,a_amb,cue_a_amb_c0.nii.gz,Ceko_NE,0.175068257
RDC261,a_amb,cue_a_amb_c0.nii.gz,LiuBecker_Amb,-0.607516169
RDC263,p_risk,cue_p_risk_c0.nii.gz,Ceko_NE,0.415750401
RDC263,p_risk,cue_p_risk_c0.nii.gz,LiuBecker_Amb,2.920556087
RDC263,r_risk,cue_r_risk_c0.nii.gz,Ceko_NE,0.051314095
RDC263,r_risk,cue_r_risk_c0.nii.gz,LiuBecker_Amb,0.569841101
RDC263,a_amb,cue_a_amb_c0.nii.gz,Ceko_NE,0.05377793
RDC263,a_amb,cue_a_amb_c0.nii.gz,LiuBecker_Amb,1.192766956
