k,x0,Region
0.056795114380833234,35.5989672328933,BST
2.12693587046644,0.13140207968451373,BST
0.0469161393837641,32.026462714209835,BST
0.026992250717580813,121.72226268480215,BST
0.02910531899566185,18.297682933183427,BST
0.3021135474957451,1.3301281011504906,BST
1.71500002189819,0.3065560553835794,BST
0.023070264862038,61.738635982684855,BST
0.04300727805034327,7.023828486819784,BST
0.2860378283011782,0.8179048880833132,BST
1.5463952498679638,0.7228956588803086,BST
1.7267392178995131,0.2467985618462428,BST
0.027828136701567058,98.96510301806273,BST
0.3101030494729781,8.65687973049324,BST
0.044266735133689256,0.6916948263096427,BST
0.0627933820329765,17.50436013857752,BST
0.044244068734806886,44.70562490824663,BST
0.4337070470929768,2.606885928167873,BST
0.056420046333062204,24.759605409277206,BST
1.7142319603089895,0.887278508875202,BST
0.12523297277176249,5.90890176395054,BST
1.9069854858978388,0.17248598012095775,BST
1.5608028080276677,0.49805316358009977,BST
1.5858709519061533,0.4960393585845914,BST
0.04478896690918213,97.53666035640668,BST
0.11718686727148565,8.290786155741293,BST
1.5622011304589465,0.2649045315134947,BST
0.1972024479029015,16.118936230865277,BST
0.045522296335271564,68.61343354988857,BST
0.043752652389680256,81.24143894158584,BST
0.028718249840595383,37.92944797136324,BST
0.027932645140845074,16.625200680564298,BST
0.029705961698079323,70.62010471961591,BST
1.495499955277295,-0.4682257730411353,BST
0.03638005528473769,36.33699196236428,BST
0.17053943599013366,4.066432206273482,BST
1.6063046045221845,-0.14918393402962843,BST
2.7231983164577125,0.09233569439170745,BST
0.030450100997352157,19.559716658870006,BST
0.11692022925057359,5.530399643726809,BST
1.616850654734178,0.2935968413223398,BST
0.01667087580633048,31.303115212238062,BST
0.0797352963906142,27.95040830473296,BST
0.038032231202033154,101.15529485391596,BST
0.030804071344601926,43.85302849958128,BST
1.6745731564214457,0.3123107141904958,BST
0.03776848835119471,74.60432907905202,BST
0.022692564335517505,-14.962838353004118,BST
0.04359014422733452,32.23846341538691,BST
1.560313549092222,0.4401412451997435,BST
0.4853841958141462,4.256687232694844,BST
0.10599771320093518,83.60815076022948,BST
0.058467128621480485,-1.6769323875878657,BST
0.06024575971247775,20.972568467850085,BST
0.10949651479183838,10.880561137942642,BST
0.04852406442906744,113.41897162965644,BST
0.19664445136166916,1.6347006043539292,BST
0.024245214049904738,115.16474930797287,BST
0.04842828680715721,30.342764030055058,BST
0.03235506048014769,56.71797289431418,BST
0.3113406865757133,6.452560531857915,BST
2.064772028737593,0.7272796986459447,BST
0.08938301382661387,11.019503196719814,BST
0.044319230801698244,21.53477089356411,BST
0.03332430591724469,31.128168125001988,BST
1.7142402181232235,0.2395523353090104,BST
1.6472654306184944,0.45917747688417226,BST
1.4516260878705143,0.49167661475610397,BST
0.06587565472594223,22.996076622134577,BST
1.5304563156922002,-0.9645609162970032,BST
0.0426261569185482,40.28656574464397,BST
0.11448420822869905,108.94935634889626,BST
0.05871542248531757,28.80643354232753,BST
0.12031116095778242,22.38944971528995,BST
1.7080791613030086,0.07376482208195145,BST
0.28933843144412863,8.718023574414307,BST
0.07774100591747402,8.262509216867416,BST
1.990523636074299,0.025169241721429224,BST
0.027000023695413784,59.162665780274835,BST
0.03909890805586503,41.399353130421474,BST
1.5734425366557154,0.32858632944577754,BST
1.7212496010381924,-0.1356798436642459,BST
0.046303803397366824,72.57586835798311,BST
1.546028431816752,1.243281916864748,BST
2.5561838544527618,1.615891565167678,BST
0.04848947247439252,29.716192168390943,BST
0.054296624175445195,29.312365926932227,BST
0.07533433443863362,16.680113699957086,BST
2.2070221173536124,0.2112024042506613,BST
0.03606372600476941,103.0061040759916,BST
1.3746736712794752,0.94866468772002,BST
0.07020533429465915,50.833295892319846,BST
0.04394467735915955,86.2847105176398,BST
0.08369534332006055,29.501670253298073,BST
0.03489389052580316,57.206094746335836,BST
0.052863312891296796,29.511239959424575,BST
1.170734674196404,-1.2088362064013705,BST
1.6371293588493923,0.4530307165778899,BST
0.0515955303840295,24.86705016041426,BST
0.012991778177608012,141.6933765696985,BST
0.4599113942581874,6.171212382786236,BST
0.03909574166612595,34.68988152158409,BST
1.9656109710542433,0.12126272950040358,BST
0.3288808750337355,0.4380255606077951,BST
0.042224311308663685,22.129530904136754,BST
2.9303816970092997,0.088908878527914,BST
0.42290642313937354,6.554800850883682,BST
0.02896637421662266,15.826239819141824,BST
0.024854221814256245,18.0707378928366,BST
0.03962622669547751,51.127583348865286,BST
0.10971975229855815,97.73049277135297,BST
1.8541272273879201,0.4247858511831024,BST
0.044484344579394125,30.730821855888614,BST
0.09227040387918378,21.276928206655718,BST
0.08386835014761489,-1.8757491463328158,BST
0.027479895976492953,5.699635236698236,BST
0.06214256837289046,24.75156184086613,BST
0.17294980092307777,5.749166919063697,BST
0.061110852528779167,45.89461821422441,BST
0.048436456744603326,53.125415116914525,BST
1.7346989598301747,0.5476750240271505,BST
1.7080289541416633,0.23887729080887918,BST
0.07654111221758804,22.850484312577287,BST
0.03765239164160117,39.01604577362603,BST
0.06504981900512646,23.504801737287185,BST
0.08143106470962694,28.313524727099292,BST
0.38812403450818117,4.171458591093059,BST
0.048861628971514706,23.503195075109502,BST
0.06107735295031423,96.05612115461021,BST
0.32593091391886125,2.9878072021829363,BST
0.01673546899187667,-9.854616823056913,BST
0.044098557408868595,29.3888895206389,BST
1.7481286974564423,0.09097910914308228,BST
2.0446126726753016,0.577279025164943,BST
0.051806209033330206,83.84244368406148,BST
0.07231471295406658,38.13845448999259,BST
0.04421467896246973,28.635293090046833,BST
0.04487440816520955,16.93596751504853,BST
0.3275158179265622,4.198472558213083,BST
0.13813969425609257,21.21399207482291,BST
0.05394208242101975,14.29447698212111,BST
0.07078523756072819,19.671331904231856,BST
1.8389113237109622,1.3555859893567856,BST
0.07230157234331164,8.58073041710199,BST
1.2482889991107065,-1.4460477860788756,BST
0.059194116352694594,21.061106676882805,BST
0.04941869306802946,105.31037920473177,BST
0.35520378801968505,5.343504598725065,BST
0.05112320322896657,104.07690496870558,BST
0.0858736426160936,12.710768558783888,BST
0.040566865346752974,81.83712230087768,BST
0.04942818485368916,94.3356723542221,BST
2.362492139544728,1.3427638744831905,BST
1.8333406573406308,-0.01568214309902551,BST
0.12539144147598644,88.66338533519533,BST
0.03919218792703078,95.13193648791929,BST
1.6031260137951098,0.46963861358755893,BST
0.05149175477917162,15.252227977352288,BST
0.05136215165535766,34.37524614261322,BST
0.04924259520939584,20.50791723690571,BST
0.04084098081218682,31.490736540311826,BST
0.0927196386186402,97.35593432976397,BST
1.9100490665097267,4.806577925121597,BST
0.05200145871883669,24.693667717113115,BST
1.8880186573037867,0.41158900616487437,BST
2.300634418956931,0.9844675988718729,BST
0.05350022633725791,8.859523934170571,BST
2.059417682013178,0.06436677576965107,BST
0.051939345032617115,22.40447410251029,BST
2.24652356504856,1.1285166314329154,BST
0.019308014281700894,47.60384229911349,BST
0.04475592009278638,30.877737036116503,BST
1.6406130649745534,0.6297366726509805,BST
0.06753889057712523,14.799684271131454,BST
0.026517650277645542,29.257248618346473,BST
0.08558476666635143,9.368537924021428,BST
0.046204053975859916,30.160919898093297,BST
1.4503197080371393,-0.1635499463473031,BST
0.042976717600430675,58.534445142916006,BST
0.052897910501319416,15.638877235211993,BST
0.025216008519828692,82.8850835202548,BST
0.08826176176299678,2.94758975779367,BST
0.04301472362874741,54.64022701109946,BST
0.04572331500543242,26.711047310499588,BST
1.7801626887277573,1.1101978684377747,BST
1.2225539322675525,1.049530118263578,BST
0.2297195283750143,5.676460563141827,BST
0.0504104504692972,73.82859913242736,BST
0.047870885365549704,34.32897333020934,BST
0.03070357346845031,30.15235476714302,BST
0.044631442914705916,39.06949978163948,BST
1.8010354321464568,5.248823206281058,BST
0.09314020747407825,-4.971483355159393,BST
0.06920858568672354,22.131173975930835,BST
0.05362876647327677,90.6771035430429,BST
0.06708869730357103,62.46752694480943,BST
1.9664808201933597,1.6115142950449368,BST
0.06079557104683654,50.20145316816306,BST
0.21880414718229435,2.2909243235368084,BST
2.1531596078217903,0.15670068181189098,BST
0.07577529775136285,91.8900753138851,BST
0.09708430722648533,7.0348611831697605,BST
1.6150961922993854,0.2146720955508628,BST
0.18188982894749803,5.916870621824154,BST
1.6941022586746841,1.2857299829189741,BST
1.676145859421321,0.522332186687794,BST
1.5340643781290764,81.10427174319459,BST
0.06153623293765401,81.54873108188151,BST
0.6962988360654963,4.073954471785541,BST
0.045695450281501876,40.257059071407696,BST
1.6460900573723078,89.19189720659203,BST
0.054555679048878175,21.288796061640152,BST
0.05123324613971459,100.98275150563428,BST
1.6185930247582936,0.18246942340778508,BST
0.041414111673255136,78.87151773449892,BST
0.3862999114229622,86.78818635585537,BST
1.4755034557215638,9.413856165827902,BST
0.11557463506859995,91.9767797101076,BST
0.2911540450954812,3.2257920759598786,BST
0.6174991185341372,5.274982863640508,BST
0.07693770172429039,18.8375292484826,BST
1.8325078525533367,0.1439399150728602,BST
0.08040621853876348,20.229769831479608,BST
0.035238242373166036,87.67628350278927,BST
2.2269042887772903,-0.045349456486067266,BST
0.0522732248451179,21.80980469578716,BST
0.06099571817549348,16.06196294655264,BST
0.35538804331329527,3.0173635661750158,BST
0.047197002329618966,55.608578919071725,BST
2.5309766636368383,0.05008201487019614,BST
0.47403236989935305,1.841412442086994,BST
0.05258836888754268,36.03647984623178,BST
0.026495609910691307,83.2317016412903,BST
1.8867929591930432,0.6144900661119892,BST
0.07549459997913863,20.346715441578173,BST
0.10569259596934012,5.877984341983905,BST
0.1571058667255967,91.42353351700247,BST
2.2623747370755996,1.230585761799913,BST
1.0138569798872803,0.9657158020050137,BST
2.5434782427914167,-0.18299715220610516,BST
0.3083107877649326,6.919907452419258,BST
0.3644004139180644,1.577367365680253,BST
1.6140409809530103,-0.14057597004596897,BST
0.2760049754335996,1.2429822677230387,BST
1.7618225234106804,0.3702449209576949,BST
0.06886002945438809,17.79619470900405,BST
0.6020959157867974,4.242195078244333,BST
1.690853839615504,0.12492619609090155,BST
0.04499594787030144,108.36714097747422,BST
1.716282876496512,0.24541868520732796,BST
0.05169520184039627,-6.015691072181801,BST
1.7071083135722651,1.6480398421622338,BST
0.06356946203761694,42.8744692957969,BST
1.4822566232213852,0.4799575045996307,BST
0.04588448149624099,23.773026720667097,BST
0.05370715541320532,7.859623899131147,BST
0.0160399003439918,-23.93719466775917,BST
0.0711972181540307,13.482909183002134,BST
1.9080704595473534,-0.006477888905158701,BST
0.3952253080415762,5.989770745820663,BST
0.37304170529730646,1.2153374153030667,BST
0.046712502850765815,54.78762099919524,BST
0.07576803302824958,38.16027848017824,BST
0.046552938754371886,63.76649761872548,BST
1.7465779807768511,1.058870695574047,BST
0.056703214993457846,71.65493231257466,BST
0.054753636366960914,19.325243544257305,BST
0.043605097135050765,24.63969824339245,BST
0.19781242971186166,-2.7200827224540105,BST
1.541851598083414,0.3779320253740212,BST
0.04959416373379545,97.48827332184385,BST
0.041991802567233213,25.07822656319211,BST
0.07342596069434959,18.535669796887696,BST
1.6989391306421484,0.3572911841519534,BST
0.11351666553191266,11.539111688156432,BST
0.042666442590098906,47.5052670130027,BST
0.06063575783742107,14.742868940591965,BST
1.9375430902263795,0.13498240127214226,BST
0.06877331034897696,107.33198991615319,BST
0.03935236580924072,84.1740479831205,BST
0.03412748770791403,81.37604028177078,BST
0.058430716665630676,32.70443796616043,BST
1.904345704723256,0.6410628780558892,BST
0.046709610685610664,18.428712658859165,BST
0.06988557826622525,92.320437345521,BST
0.09466149146630543,13.32205419929631,BST
0.056153188447685555,39.14367776365783,BST
0.04600834921198786,50.13647788538589,BST
1.4103180195375913,0.19368967587041863,BST
1.9207082625517886,0.21951650800764375,BST
0.045263371102070536,76.85246059209253,BST
0.0444899319488791,31.705396403201373,BST
0.02807261606042793,50.72243020125695,BST
1.8745135565987516,0.30439500867826697,BST
0.02340609370882174,9.30550572780748,BST
1.5322072731291159,0.5730113604403965,BST
0.03784227152731078,50.32725997980105,BST
0.5614647118015714,7.539707283275525,BST
2.1843929147273027,1.0604629050282688,BST
0.05274774752555474,15.155557560308402,BST
0.25023102774771333,4.509224591310501,BST
0.07344762260891179,-2.4369154396304418,BST
1.5750057307089687,0.3762980925799546,BST
0.046584856707333824,69.20524968146725,BST
2.9477884924401785,0.9645069283870837,BST
0.19734165656831643,4.468400658518658,BST
1.8751556726771577,1.0895003148372715,BST
0.04876306275840796,92.83302548946797,BST
0.13519108719999826,85.4453705693602,BST
0.06268273879732382,102.86508093830689,BST
1.1205431624001727,0.2279641067003425,BST
0.4496405602185287,1.290189601672314,BST
1.4521491153137742,80.56186531701171,BST
0.04609458893777061,23.395758125350955,BST
0.048857409025071574,26.84110102870899,BST
0.051032245794968734,62.10958915207943,BST
0.0718864907787759,11.72772124820773,BST
0.06839604189712761,12.209753855395416,BST
0.03569158969299186,96.0215595891384,BST
0.0477296411486245,41.83157460669928,BST
0.32437453603691696,4.778196104890181,BST
0.363394254187379,6.124141857010868,BST
0.1324924017195773,12.005731534016727,BST
0.3591987614510307,1.1201829523882807,BST
0.030160312475170148,36.10424115055167,BST
0.0340107422471889,87.03356419801656,BST
0.022965825636042,57.48889420599108,BST
1.4177153127134738,0.6068563042259153,BST
0.024066921044506657,34.80795276085619,BST
0.07147581579701141,27.518898509922437,BST
0.3541138764930012,8.21709023319111,BST
1.7404569117739426,0.1938898229422826,BST
0.018179502894683692,-17.39940734645404,BST
0.033305711435498736,43.5355359070566,BST
0.043859200445157634,42.017537219946476,BST
0.02487270973522964,52.75932872718125,BST
1.687932370130433,0.3364425767002131,BST
0.025271275205930456,26.362774523227362,BST
0.07855022078347217,90.21910789426784,BST
1.358311097223548,0.3474231848030268,BST
0.2497336386838246,1.7104396987650659,BST
0.5922262164252938,0.6915888902917119,BST
0.492460385189838,5.063637802254027,BST
0.05307544951973453,59.15503901924064,BST
1.6654939262448705,1.1408204093686745,BST
0.046730211853204334,36.718934910032736,BST
1.7874805640441578,0.3610578524320677,BST
0.04967432363352747,44.03104066600719,BST
0.04116188788660355,44.211186255629144,BST
1.7106926278299992,0.4662052516509074,BST
0.12262762082293652,7.524156116426608,BST
2.053492463702827,0.05128542370113957,BST
0.055371220378948344,31.342328046641303,BST
1.362220839589745,-0.9992636752018454,BST
0.05901690138459459,76.1223087758003,BST
0.03921733896071152,36.08933295425406,BST
0.03669489306541527,-3.178520713745516,BST
1.6155302452609777,1.284141301621083,BST
1.6420107563751578,0.5102334505433468,BST
1.5393877836924736,1.5515224403079317,BST
0.13551388574926068,98.40988055954588,BST
1.6352641778596266,0.40592654903510367,BST
0.3951982019070448,6.322711015027052,BST
0.02461179923805057,160.04512329470433,BST
1.635204196704745,0.39011682392530944,BST
0.08415983897601033,80.56504558612609,BST
1.7998207456065434,0.32190648486873186,BST
0.058044610760257076,20.3464694432624,BST
1.381178004032137,0.8497121548363201,BST
0.028773115376507535,92.79915254254755,BST
0.5206473857512542,1.9586273454352434,BST
0.0336883323090961,51.799428451653434,BST
0.04326920534955318,24.885044143423574,BST
1.9303029562661478,0.7973452034423733,BST
0.06634415220476526,57.65319599819381,BST
0.049561234920203784,82.90023059854799,BST
0.5124466196575983,9.396531156813811,BST
0.02597685320816987,82.13565983574603,BST
0.053876328947025424,75.07825792006558,BST
0.04968722555207273,23.330011005969947,BST
0.059130927729516655,78.07599086821313,BST
0.032312969835247105,42.07157950921507,BST
0.02993492217313386,42.26669086894482,BST
0.0721880964995174,20.303487253936716,BST
1.6527789817213376,0.032032472594543455,BST
1.3995325205589078,-0.14274189465023898,BST
0.07111591905566443,46.72131705810738,BST
1.882870701293176,1.4625165847265067,BST
0.08091116859782087,30.752958842387642,BST
0.12474660574575729,29.127321096298793,BST
0.07437227813085263,6.912933152074503,BST
0.05219292111698406,19.463768140470822,BST
0.04403507685237778,-18.935925851638114,BST
1.2740249871024387,1.7587960347287404,BST
0.058662936539865526,24.41583031027962,BST
0.04041554469558754,19.51198420591629,BST
1.4182165786341376,0.18969748652766713,BST
0.05265916957832859,34.44604558256756,BST
1.7077773481628775,1.3798729461631978,BST
0.07397526812741881,22.27096930443281,BST
0.07543309099257926,10.883216500987663,BST
0.06276087461066185,41.56420904613372,BST
1.6234344547607116,0.6439253941407634,BST
0.052432566191498664,11.656651928423589,BST
0.29550097411634246,3.390705333703482,BST
0.011955470785441399,18.834818691030662,BST
1.5703431712629528,0.8484392474641913,BST
0.04354382882826626,22.415188685203166,BST
0.057161224865198944,96.4080111372179,BST
0.1535374593137288,3.7056654233465287,BST
0.0856913617116887,89.80462062607054,BST
0.05497659942117392,15.7688488340925,BST
0.017744010476566104,-6.33707957608943,BST
0.026045858211362797,74.53336054828073,BST
0.5543355708652336,2.232003961202239,BST
0.08420581741746391,39.675542807517964,BST
1.363933679519937,0.1158849883318658,BST
1.4855444112205518,0.5735601940640819,BST
0.05239417601849856,31.714421896337573,BST
0.050176316130977644,16.503924582623434,BST
0.06986520761088764,13.891137161026727,BST
0.03220985868224277,-2.255147511468603,BST
0.06379311704168934,93.8577203813438,BST
0.40762091268638134,-0.12152224077473314,BST
0.05002941673839798,21.831767991824186,BST
0.059679189034463904,29.099529659766215,BST
0.0741506989537171,42.760910820491105,BST
0.43231844535621944,2.0865950045481636,BST
0.38530807595527544,6.58458283516792,BST
0.026506937760679958,48.18392142043975,BST
0.05115806005803342,25.636310331701416,BST
0.08367614619101947,101.32001716300704,BST
1.7424790534993424,0.9632736313652732,BST
0.05266816451080856,113.44721500981909,BST
1.4932682093794443,0.559439779280068,BST
0.05307480452192736,46.55403317654863,BST
0.06476044361301131,76.5824846830881,BST
2.220361541966767,0.24643914623246665,BST
0.2540122560333618,3.2857306217046958,BST
1.6420742740414576,-0.23543553908804216,BST
1.6171828283475596,0.4465701554973238,BST
0.1719736389329264,15.599632755138762,BST
0.08108310320035347,8.316203457579403,BST
0.030977171761646296,20.219943868159667,BST
0.07230923636380832,17.469176199683528,BST
0.04051230844117173,90.07854082403018,BST
0.27035281757729673,5.259198956685587,BST
0.03194950847812127,49.70876461102931,BST
2.3230364189722583,0.2180696075503711,BST
0.027327588454311044,59.11045908752938,BST
0.12867685351529237,6.934531453639114,BST
0.07523151426686712,83.35690124206641,BST
0.05623573648936931,32.281412446003436,BST
0.03376753261866241,46.89038924057216,BST
0.05123451435121855,78.08234766283853,BST
0.47808565380279333,4.183814628324355,BST
0.061638940423758753,29.918785089360902,BST
0.05565682704167394,18.054498222819912,BST
0.516077346235918,6.219592702696651,BST
0.057887456692353276,28.482657956084594,BST
0.03673867681045141,20.31343736665641,BST
0.17823342344531498,5.946252346904299,BST
0.0249447252451568,48.291994160931345,BST
1.7164578308234018,0.2233255005068178,BST
0.2817322617131627,2.681730847990566,BST
1.7064242328080148,0.5951824170393568,BST
0.06119761684758349,38.949949636522916,BST
0.2733034094659483,1.2797693654696431,BST
1.6021557500521808,0.666244403370112,BST
1.8503221107265204,0.1236636714910832,BST
0.07013197984184245,96.83550752639457,BST
0.06097217129160643,24.720294370182454,BST
1.7461620031066094,1.4035037629360385,BST
0.03821702685267231,48.858193878878446,BST
0.029674275934044186,8.152922410967388,BST
0.18938593083803024,2.022865883518239,BST
0.696111868240262,5.657146450400126,BST
0.0402336157275928,28.7977901162502,BST
0.7295876106628326,0.8137761022556562,BST
0.17141169615917595,2.998037870088978,BST
1.9907065073279744,0.08665966135435323,BST
0.026515222218897343,80.51900054407882,BST
2.1437051611616535,5.2795353163416365,BST
1.689309795431592,0.4979075920547002,BST
0.17287875410641165,73.47782707435641,BST
0.32296093306761026,6.265400790496812,BST
0.03616824053860404,21.741092676829908,BST
0.1895628992130516,5.672696321642922,BST
1.5190829249561228,2.2937681903065754,BST
1.7369454316532853,0.02614574041942282,BST
0.049064319957470064,57.8688731793553,BST
1.414507856108894,0.9760142819750199,BST
0.04372795406043959,64.20151686416803,BST
0.02678627080190044,59.27993940792566,BST
2.0196381911462855,0.15722008236776466,BST
2.096257901649891,4.810161374233907,BST
2.4295425282684473,0.13512231847309053,BST
0.062347504962024375,97.01708085395676,BST
0.1024809535321378,22.405932410063286,BST
0.03719899073565028,99.10834486019304,BST
0.03186870854332099,74.1477443815925,BST
0.03577606296467163,54.29267704844309,BST
0.07498089727121832,95.85090816218184,BST
0.035322272234605094,45.754636518314605,BST
1.7305832419533107,0.023613942648415542,BST
0.4396169993039122,7.034111628180846,BST
0.2653968144379903,3.1357860089898715,BST
0.06436102628094328,21.04146158442946,BST
0.1485558736104656,-1.8589392407254273,BST
0.05191555516292703,43.925982124643724,BST
0.10862609387777893,5.46093228557036,BST
1.714052261106063,1.358712388559032,BST
0.1412514035786299,-4.8766622579510575,BST
0.617003522533788,3.873569760805877,BST
1.1850198523176112,0.10647818308973714,BST
0.041934626166279125,34.340558502468554,BST
0.06544733338917912,30.14052839001713,BST
0.0792820171647209,11.947605378200183,BST
1.712097456304311,0.2527164861999231,BST
1.2278372402137434,0.884217417039052,BST
0.22295791975792154,3.9108844641234355,BST
0.034684365504979976,32.71647520011238,BST
0.43149871378430327,9.700019367349505,BST
0.05651859715332087,9.65143811330543,BST
0.26717018892561883,13.642235086089274,BST
1.5567726956487067,0.5553481386544006,BST
0.11308084617181352,-0.8900862474175819,BST
0.03231891581995638,50.53290368648379,BST
1.624414440862125,0.038906227703454824,BST
0.059710409795416364,21.534240569360378,BST
0.058702976304234,-17.9422534851606,BST
0.21175329613026067,1.9708427426611679,BST
0.0368817383972766,39.33329551624754,BST
0.06491609965422428,21.64221250184295,BST
1.8546204545991987,1.2562864316735332,BST
0.5169370901589071,-1.047694870271196,BST
0.3672236654260772,0.5739255593869679,BST
0.049203106488578015,16.657607516855013,BST
1.4869787085724202,1.419549161989339,BST
0.05639585233621387,62.151956353115644,BST
0.048678641562097724,100.69822007767604,BST
0.04068602335152982,43.87604485453867,BST
0.04609392445680583,33.6651260340457,BST
0.2798123460744298,85.5767300330998,BST
1.7133180197182691,0.39335421647718527,BST
0.06328409239993747,6.056762115727712,BST
2.095921402397385,-0.03183771455410934,BST
1.765644808033995,0.29224504151448705,BST
0.03622116768032644,94.7830155834527,BST
0.03466521218872399,67.73298599016795,BST
0.05633239938814931,95.15846227526643,BST
0.05529931722789382,27.399787866413103,BST
0.04942151872837279,41.11449630454666,BST
0.055634682277880605,27.46457896392552,BST
1.6943985559047696,0.39157585662713934,BST
0.06538284550017959,-3.873783217358072,BST
0.06482667832037853,35.59503280016035,BST
0.05327481137370199,17.830321642266128,BST
0.03838086567692066,102.47264669635338,BST
0.09015038791817695,15.193542290357358,BST
0.04515459031241193,48.66629485363018,BST
2.4304507360158647,80.57701380300983,BST
0.03786572143070241,59.933511084952976,BST
0.04340761196361098,37.38148368458046,BST
1.7609066460962026,0.4361428078310484,BST
0.051469431191699735,33.96289483993794,BST
0.08174122374259733,101.25520200896243,BST
0.06235588015937163,82.3359839911883,BST
0.03720740865031083,29.987293632072394,BST
0.04337869873564066,23.518914001523004,BST
0.025485635081124815,17.656036542841605,BST
2.12829949183616,0.14191199908171462,BST
0.37668828927430265,1.0064599885323722,BST
0.03539092913527152,93.14517479706078,BST
0.04812573582996648,103.57951822114221,BST
1.73658385520098,0.8969148289334501,BST
0.07020987555071741,19.294360487507518,BST
0.38971427248359236,6.827682866570036,BST
1.6659212177853329,-0.15745099198787665,BST
0.06977060540904097,18.20798383152957,BST
1.7105026889510504,0.72935002504461,BST
0.09475360477934684,78.23895137249347,BST
0.047005381966782146,7.655175693806194,BST
2.035768033435521,0.30624118484832075,BST
1.6277994616045024,81.07538952356587,BST
0.09529145487230559,16.611954752204817,BST
0.08443338640924151,47.742745850625134,BST
0.020080290332324453,55.223445462243525,BST
1.6712879626974084,1.1244890858716103,BST
0.07622734977446298,20.95684529677505,BST
0.04601208150670225,10.592073860533866,BST
0.070915765435377,101.81445848776688,BST
0.07296552202677349,42.05001228378908,BST
1.6658819384966461,0.37254937387773546,BST
1.8783915505373843,0.33042428355180803,BST
0.024732097120851594,85.76436744873429,BST
0.06394832266718922,45.29574392210663,BST
0.44693335114287663,1.5525815138457444,BST
1.4398500612054117,-0.2516547679520299,BST
0.046682061391651826,21.733489023849234,BST
2.3024172585658125,-0.23891620140971362,BST
0.056949952592855055,47.07252849965833,BST
0.07444142694672672,9.728626282746147,BST
0.011498090785115555,53.9152345688448,BST
0.2443709176450365,5.21732399505949,BST
0.016937823048168318,23.447273866820233,BST
1.6818892448927563,0.4305664053636663,BST
0.06035134487821782,36.400809479521065,BST
1.4917319529585653,0.43599526124970966,BST
0.3900540422075843,2.216166555302982,BST
0.05294816577716248,47.12056754747862,BST
0.19733353245504962,3.999987835478811,BST
0.061852787935644055,32.18998823981181,BST
0.35319058013494364,3.001916245465397,BST
0.2872382427381865,4.147601611185345,BST
1.4961421777871706,0.2813993505147329,BST
0.184136260495023,20.36286186952178,BST
1.7407623290235907,0.17798078843656542,BST
1.7780428157513368,0.8671601906680731,BST
0.041023173106647125,-10.778513721228018,BST
0.0386242431976614,47.833538933149455,BST
0.05471877959604194,121.95117463685784,BST
0.13939672414525794,-2.468343938892423,BST
1.4157960797773421,0.7836008728244174,BST
0.04911219327435691,27.77232413985431,BST
0.08348156282720168,97.984007137147,BST
0.01325797172352676,155.10665913126138,BST
1.5313900848328448,0.9544302478864786,BST
0.04293633903386208,41.73490164090246,BST
1.5429344043179847,0.19231248234313114,BST
0.02530140675986962,112.01388569338943,BST
0.030997176087834637,22.12847921535224,BST
0.040660771810925665,-6.103469416418317,BST
1.483692521957223,0.21082930204898492,BST
0.04200774265607895,30.33521989785902,BST
0.03176237193164176,9.60118221311507,BST
0.07067108337827152,33.64501452377353,BST
0.04520278772385242,55.982534397816124,BST
0.028214579989088672,35.65122003979899,BST
0.06533099338419862,21.46106076719029,BST
1.697615721958822,1.2023850608947027,BST
0.28281736215510767,1.394389142698963,BST
1.6096271946144596,0.7977669167185522,BST
0.033188026509055106,20.94453933676282,BST
0.1050226563568857,11.706032063682123,BST
0.023689723979114397,44.53816351502802,BST
1.664048904722453,0.16559789393689126,BST
0.3250198171458758,3.230952139190484,BST
0.031086243712929788,8.213986319140737,BST
0.252940414367933,1.0275185061669037,BST
0.060400239304736134,40.3607078403021,BST
2.130738325101007,0.8551388341853156,BST
0.20725061219512392,2.653710819768156,BST
0.1601734379865675,5.84245180146586,BST
1.2492280800332003,0.656685818916247,BST
0.04769115558670899,81.94318202167382,BST
0.031788813875050885,47.85951921042887,BST
0.39786821544407897,5.883058128497025,BST
1.6382517067114957,0.33384186668328386,BST
0.08359687581271653,10.630805749805765,BST
0.32055538446822146,0.2129818410936182,BST
2.253994886939426,1.145116808547873,BST
1.523043527784671,0.20695956138980331,BST
1.7209059138930376,0.41660556080948147,BST
0.061441349856294264,59.7709631438985,BST
2.5010232959357945,0.09429156780565642,BST
1.7385271172700456,0.5932615519274855,BST
0.09212357420021931,89.36306866919831,BST
0.10970857453862352,12.001066562717083,BST
0.04703614502270141,42.2341737120099,BST
0.04951139220596572,81.85315829423607,BST
0.10917578693757576,23.47400823425139,BST
0.04763814804283635,74.75060034605626,BST
1.569744668414477,0.5264419326990893,BST
0.030199933552559784,52.417853173229936,BST
1.5118707899714714,0.5240278989090947,BST
0.11007621720008702,68.47926760605188,BST
0.08777459423938218,29.213098963313293,BST
0.2913816136581926,11.355755762731416,BST
0.03904345562884585,89.73446629835689,BST
0.03088344716107917,49.00010463114256,BST
0.04585800584619094,24.725938852026562,BST
0.045516272803107896,24.310471152591088,BST
0.22297005048263724,3.1866242895980665,BST
1.713659961261747,0.6333209698176183,BST
0.06175619768903551,10.572925410353557,BST
0.06935820399198823,16.244784265957325,BST
1.1899283160795378,-0.8170373591155098,BST
0.04052494839038147,32.456364177306696,BST
1.8997797174225042,-0.1516935177625819,BST
0.34373327020073025,1.8965416651180762,BST
0.06650237973389607,-5.655625095239122,BST
0.05223930237260409,68.78861302932447,BST
1.4188545470947225,0.3993768046843751,BST
0.3168085633704223,5.371668313567759,BST
0.049222064128426106,50.77019714925847,BST
0.031633677612788846,59.66137190363531,BST
0.08679996810666946,37.51490432467176,BST
0.038886812943739364,40.19753675381337,BST
0.26932192493327417,1.921152363884322,BST
0.058887701893914436,31.91832884166656,BST
0.036772158292861255,70.59950083864808,BST
0.04148441008610971,100.02992278855066,BST
0.3192737458416066,1.517635980969573,BST
0.05069015160339194,24.42052827910435,BST
0.11080713891612848,99.97745770186827,BST
0.041278341105073606,35.3652776197929,BST
0.053816840161170186,120.22379422476556,BST
0.07381174440498658,26.552685604957833,BST
0.4034534093779096,5.216710041900173,BST
0.06436184390193575,92.03428800275361,BST
0.3323450140179323,1.7293978683811724,BST
0.026533258976402168,101.74932586776687,BST
1.8060345062668974,1.7325728405698115,BST
2.3075509831251075,0.16573765363834175,BST
1.7187159896701092,0.41807186901501797,BST
0.06292510529265036,20.360786799775564,BST
0.15200423598077903,20.136245961350433,BST
0.1631130831454147,3.7987625753977743,BST
0.0573155845727426,19.788999215072415,BST
1.7413584855781798,0.8605880775045167,BST
0.0764652677390105,104.48641834829593,BST
1.4985541374846543,0.4346860985769782,BST
0.0440598533679055,64.1884068941076,BST
0.030522323408608647,25.856380283055522,BST
0.0486800046639269,34.915325932916396,BST
1.9046683021450137,0.9835471072732592,BST
1.6202241191886437,0.6710448242106445,BST
1.6429235145211476,0.17574434692613206,BST
0.05625809344388287,38.133694992984466,BST
0.040154846286169686,19.51525331198137,BST
0.015022359931312245,7.758546110419929,BST
0.0674754169680829,28.955731298452537,BST
1.6587202978429618,-0.33056858807457234,BST
0.5695197225395907,3.9655041639298036,BST
0.04467007609177725,17.407652809730813,BST
0.04974205779128883,71.96958082860309,BST
0.02946042688672049,41.2772452855702,BST
0.06434070908551896,38.348508517045886,BST
0.07526519207157512,66.405175944131,BST
0.8046643624458505,3.221212516265329,BST
0.06899434556017701,8.745449237582237,BST
0.07189388776185666,91.9601929408659,BST
0.04954632554845479,27.656655564022415,BST
0.04103315882522932,60.62266577974252,BST
1.2427031379026878,0.43496763275470063,BST
0.0943337339648836,5.837426108974114,BST
0.022936070736276248,52.56554399583738,BST
0.48443857613636426,1.6685337009928254,BST
0.032782438988836565,20.034858038588272,BST
0.11253891400787888,102.114523501177,BST
0.04932564237919774,55.718844435990285,BST
1.7113218992527117,0.936060501423117,BST
0.13535282403982862,5.207572622407565,BST
0.05425757998563134,20.600446786866165,BST
1.59037700010156,0.5796457074772154,BST
0.06271229452891154,14.311460938127256,BST
0.5611259708981257,1.6273543873565341,BST
0.08598672414893765,45.306524236509865,BST
0.037336545664793476,83.50872092628241,BST
0.04067765910569752,32.22972406459378,BST
1.6437022747598293,0.5130975053296959,BST
2.037377452177485,89.09014594626031,BST
0.039575649981175055,7.389599789344639,BST
0.04645142886005487,42.134711177718515,BST
0.08189453580434235,19.63748918094669,BST
1.640254953799883,0.2767325042748761,BST
0.07016853734434395,34.12261306444256,BST
1.8225950423675448,0.17988119494531837,BST
0.0698572292441517,19.37116298914503,BST
1.6171471865738556,1.6905255362635794,BST
0.1641032068424633,5.178438605661873,BST
0.12203396859998725,99.73180532756402,BST
0.030019452672832778,29.77815917289125,BST
1.559094700031192,0.6520912002363622,BST
0.07357981711364862,10.645833925329466,BST
0.14320715584724072,1.729971217998001,BST
0.10852158433964415,11.794180634988324,BST
0.06094501094372187,19.906189312372042,BST
0.03628083384913606,100.79164226286245,BST
0.02663220476871974,51.82933881347649,BST
1.3528904150925074,0.3871575880977375,BST
1.6405529296266324,1.4554335725978127,BST
0.5948940515632364,-1.7463547736702623,BST
6.976546884251823,-0.00033677464898541914,BST
0.03787326673466036,24.022026153352748,BST
1.714510370708969,0.2814891725701652,BST
1.245565428768133,0.15117593405861557,BST
0.04661560665707886,27.508969208122714,BST
0.12119009178323614,27.345021144059658,BST
0.04458889059470042,24.197564384245943,BST
0.022422953731882952,47.28637897448202,BST
0.05290747148228239,7.3584345592358105,BST
0.06616398308334899,44.3253193857481,BST
0.3490045291980644,6.054503396674337,BST
1.6834165109238481,0.371228269974017,BST
0.3113892269741682,1.0814261423084068,BST
1.8813861249732846,1.3440032014779077,BST
0.2916114009538812,0.2051473590962489,BST
0.26871627019459665,3.237412053313786,BST
0.06306428157830213,24.475296568033755,BST
0.06015290965004699,21.083061311708686,BST
0.06636283630936746,12.716008132876595,BST
0.032758371228954454,60.729948597910486,BST
0.0550618789062992,43.20842800209162,BST
0.02479702157516735,-7.7371941332749685,BST
1.39101676699981,-1.1240360027268694,BST
0.0682069361701479,74.55492637205197,BST
1.7962972176028233,0.14925127834800267,BST
0.053621226261644124,44.64538818376184,BST
0.06509798924348603,20.11213072404096,BST
0.0768758492659185,8.9584788091312,BST
0.02878607402341294,104.3520924181684,BST
1.727085526309387,0.48859059077572115,BST
1.4588192561042113,-0.14246051155975126,BST
0.0671940682196754,43.04851332196713,BST
0.10478783086041649,98.46961751071191,BST
0.2937432179934265,3.4445527994121723,BST
0.29172738199336495,8.222602988837615,BST
0.04642802465539936,22.07546606190027,BST
0.05299631357277354,81.07215058143262,BST
0.4870695172272823,5.732170089585122,BST
1.6095720109855056,0.5532025296009162,BST
1.617899514491691,0.3294025031882003,BST
0.025083495272715108,111.34299188196638,BST
0.44559284418682826,5.999013714374652,BST
1.6408788900680886,0.855335439627654,BST
0.3275554664071119,7.456407268439247,BST
0.13395705726300844,107.05605879554355,BST
1.4860200171191742,1.3191307776568146,BST
0.08517183045900475,6.504566971336059,BST
1.6412419277500108,0.6289897401613475,BST
2.262836398645516,1.0370127488870098,BST
1.2308246076507265,2.034673344813931,BST
0.045249862568180976,95.02490496749164,BST
0.09876373118525708,7.222878309123226,BST
0.03541190693494999,26.370621339204167,BST
0.026726910673783487,43.28495444481152,BST
0.06660074082320311,26.278466863845342,BST
1.7485578704007922,0.20411430475231976,BST
0.07119515911837453,26.245689820542832,BST
0.06981644281543538,3.973339904172873,BST
0.041160740331353925,34.34733040339562,BST
0.2857991926417097,1.216856609795826,BST
0.11513730082864436,88.43732531949301,BST
0.05336096247724601,106.72115800592235,BST
0.054927571016240274,22.425115048737435,BST
0.05033181845445023,65.75177515721798,BST
1.7271565781286526,1.0884529086888262,BST
1.6441208500851205,-0.05947934566929484,BST
0.037169697161419185,27.42855747717275,BST
0.5083832269283979,82.09653049102063,BST
0.4604251920389143,5.011846188936428,BST
2.7056887203358655,81.74759926759987,BST
0.05392388471693715,43.17284723627059,BST
0.04629040507506148,17.318294049659478,BST
0.11899011198986323,20.41815309335847,BST
1.7013144777503233,1.0818811438578975,BST
2.232658342813152,0.8751794024323768,BST
0.025097026320260483,-8.314537684512008,BST
0.0364491902627431,32.98281750804628,BST
2.0855981880231367,0.8828383249432327,BST
1.6619070448904258,0.82458319444614,BST
1.856572324061664,1.5010742918119293,BST
0.04836741693651085,35.184905603342,BST
0.08135783915522063,15.168830662228673,BST
0.03197146295562657,34.44855745014992,BST
0.047373495961781455,73.69826164581751,BST
0.05293443390262979,59.96510373752813,BST
0.034837034825128295,29.29510679409953,BST
1.5729685257756716,0.181327423246009,BST
0.02120465575483448,27.813473828676717,BST
0.3945615172732118,2.283257745870018,BST
1.6980363080214558,1.274432294419471,BST
0.06383139055517766,13.466709321102936,BST
0.086958738767848,1.556453187038935,BST
0.06700426893448622,22.428726060865912,BST
1.6631716074664664,0.3765234465374235,BST
0.059261291692214994,12.615916021303159,BST
0.09545486686330287,7.154230573037996,BST
0.056592896715364445,47.01112059627388,BST
0.03541159906507373,35.98112043808294,BST
1.5356712125902563,1.3686907718831205,BST
0.25772260815672654,31.21983934120301,BST
0.06556080740842504,100.97521783767226,BST
2.022447618775058,0.2641709965309821,BST
0.05404858553711465,40.99526559381562,BST
0.6855865704835412,4.63163451483636,BST
0.03119178035775896,22.28849883474336,BST
1.7424352639206924,0.14355271592344396,BST
0.4707359928897001,84.75100865715834,BST
0.03360458032935308,85.91805899497407,BST
0.4419153772431067,6.329822468332965,BST
1.2780321422730199,1.7491435503024997,BST
0.07728070280929436,28.594351591574018,BST
0.06319850847634832,21.813861726080916,BST
0.04246551942781529,49.5052784168769,BST
0.03826334981092071,20.079601610580262,BST
0.038529388107135,80.67143444823864,BST
0.05796868799673121,36.904212553013025,BST
2.0674074651830687,0.07660250057519319,BST
0.052084620009707226,22.38131111046084,BST
0.05411718979313164,26.349212232459532,BST
1.744383739773863,0.2477119704630699,BST
0.058883302291687624,81.7599219355979,BST
0.49914213919707234,1.317740349363563,BST
0.04006364022099037,12.004360793115627,BST
1.7131675771189434,0.5776298349468046,BST
1.338118829874654,1.015837184600012,BST
2.431097200136228,0.08794983047510121,BST
0.07354738275094652,-2.4802961731913844,BST
2.0947486477462194,-0.07475175417292473,BST
0.02782679642398154,-5.419829099168817,BST
0.18395986229198744,2.8308370683041884,BST
1.4486622425902407,0.14828213590139705,BST
0.024406077278821426,90.85506132955457,BST
1.7392278236408862,1.3951680054552753,BST
0.06689076338595862,76.52439609762222,BST
0.03354292211086799,99.32643354208489,BST
0.07543402200224204,12.223884044292165,BST
0.030517006177843302,20.6984577744698,BST
0.13532478493415762,19.782744151828577,BST
0.04809859544579533,20.399275065178614,BST
2.2358029869093263,0.08620485604322095,BST
1.1460039638234838,0.11079687567728932,BST
0.08673337426031463,8.492870715272606,BST
0.11622181528315653,3.6900011934568044,BST
0.04975637320106368,44.9434592611796,BST
0.031247022994719896,2.744932444093552,BST
0.034896045890045094,48.83178526347563,BST
1.483185440127541,0.08649189247806238,BST
0.039827854488018934,95.42733278702059,BST
0.06671781313752591,33.927293954771535,BST
0.08285854380796082,24.14195666752334,BST
0.058570365813588196,18.889360272927377,BST
0.10366767346606945,5.445578408254624,BST
1.884340510280887,1.1086972024375832,BST
0.014307563638347997,100.1467409720685,BST
0.06347438637857605,24.988827755013755,BST
0.029116925449028306,61.27452922857224,BST
0.0868752125754629,10.706249086207228,BST
0.04980765167189117,40.54581443406515,BST
0.04423111431539272,33.6871458055858,BST
0.1613226365594348,21.720496606133246,BST
0.041507109339856324,85.92454502217838,BST
2.063749816346551,1.6276129258441805,BST
0.028133127999875884,80.53402236627917,BST
0.05443154604949421,76.04981215515187,BST
0.02769878049060166,57.979062221423106,BST
0.5190535287610023,1.5020740873316973,BST
1.8668067899538778,0.1499646047177918,BST
0.35048316238268495,1.6825322295178124,BST
0.0954553525610111,83.68079315606356,BST
0.09121043411569757,12.993859462194534,BST
0.08975401734237029,-1.3420405372277995,BST
2.2152092659281175,-0.20011957981936224,BST
0.5034716130478082,7.226963005853586,BST
0.10221380190609979,96.60258902319698,BST
0.01943184158890759,112.19416490166115,BST
0.059024828079520975,35.028988612695635,BST
0.09728908136879094,83.43457171977478,BST
0.07818326670004051,6.187995172731209,BST
0.26464053979332297,2.8134329397678215,BST
0.06201910489995472,65.53379361250566,BST
1.7221964586386922,0.43103917534299563,BST
0.03500659502363643,81.8602626198139,BST
0.04105176329445096,-2.563453106718503,BST
0.028154673399418222,48.292761601135744,BST
0.424269659201523,2.297215501547942,BST
0.06700295422927428,91.88295834176768,BST
2.1841952164970726,1.0274589923428865,BST
0.03582614688715908,40.35568123062347,BST
0.04373210606174833,30.844048870821993,BST
0.08103954115328803,48.207043125255744,BST
0.0422845740928021,36.04710685558378,BST
0.06754836201838378,100.30884117225874,BST
1.8583552536844536,-0.2690486431413083,BST
0.049381184218478764,50.814571382151485,BST
0.047623170059258584,45.28071542491753,BST
0.060189707924165045,33.3191874455994,BST
1.9167259247882948,0.06508948807261383,BST
0.014365728771169444,80.06430689251229,BST
0.049779147420404096,29.476555451719054,BST
1.5849561585087286,9.944837657849822,BST
1.8216469961058765,0.4765317347868554,BST
0.11603991153012433,4.993450546934992,BST
0.03427177328868829,17.329943412460928,BST
0.033170299141578576,17.6052871002152,BST
0.07595127670839628,-2.6749069164022714,BST
0.06893468227742328,16.767750112215108,BST
1.7009646457917365,0.8732810155757031,BST
0.039538820345476455,31.926154537020768,BST
0.04524521005230705,20.887802372343756,BST
0.06230487528986745,30.092155687517163,BST
0.13301343164903942,12.945256924340475,BST
1.3083044682649945,80.4110337132771,BST
0.3267749613512786,2.9407887326303004,BST
0.22200129846839556,2.1986960894591254,BST
0.05817994458359229,3.0879006782341847,BST
0.06525175318292711,32.896548117532426,BST
0.08233181513107513,72.15346378365544,Ce
0.05172483947374041,70.79907968340171,Ce
0.13528497610017876,60.67693818255385,Ce
0.10323075802028935,65.50229111960084,Ce
0.10926850334326312,67.2125959624459,Ce
0.06389175380715087,79.15427665380562,Ce
0.0564184930136193,55.003549668591724,Ce
1.4998420126726815,0.6975835119979437,Ce
0.09901889441811322,13.124586632787723,Ce
0.10550853042650021,64.84086118059547,Ce
0.06740356793539957,81.92282166633393,Ce
0.10715973442430152,75.06557334148957,Ce
0.04463545927136808,65.70939719915448,Ce
0.05109521722411552,75.9942687526248,Ce
0.1293231639352251,64.50168086701864,Ce
0.0437263275127682,46.59315984677346,Ce
0.07963626009200915,46.46288957848372,Ce
0.06019057069292713,85.72999421212714,Ce
0.07116494628658412,64.19755936277933,Ce
0.07339505660923955,24.497450788779265,Ce
0.052586650077464846,58.672492684872005,Ce
0.09071922597774718,77.63740465259048,Ce
0.06128948968578234,35.25566358691371,Ce
0.12400446844144626,59.00014770544437,Ce
0.07875724469065613,61.34770881084163,Ce
0.08010827240173968,57.282737011501965,Ce
1.9844208479396748,80.27771628617317,Ce
0.05766099661303869,64.11126311228358,Ce
0.08261057716290103,82.0398326145224,Ce
0.3693064432218539,47.59485415076723,Ce
0.182891717327237,12.826024056561499,Ce
0.060125365577373885,64.92022766450778,Ce
0.13396456589660447,72.27592558846479,Ce
0.0668988210424899,69.27568145470879,Ce
0.07267311680746848,63.40051231350455,Ce
0.05147102590738499,77.63034553477942,Ce
0.11161647053014673,67.83637816183466,Ce
0.03539673741055048,19.036962450614183,Ce
0.0942080157144021,38.94671572290535,Ce
0.06767986583761987,47.45217442765519,Ce
0.06592040821704276,38.57661045934396,Ce
0.0651537725829502,68.96399322219527,Ce
0.0904595243925782,68.72345776017491,Ce
0.06762771077156965,57.04493806561559,Ce
0.042869153404019436,59.358927694629834,Ce
0.05122614344635879,47.9237358642157,Ce
0.11189131201532569,40.99242952650605,Ce
0.09538128752155878,75.29906123947514,Ce
0.07134993409141352,40.369675554540905,Ce
2.0907775950311547,82.06503694070594,Ce
0.07786568546632362,67.88015340761307,Ce
0.049388126706408415,27.389113386270534,Ce
0.058911112811693145,47.48141122404824,Ce
0.03888899327550748,82.3283235407588,Ce
0.07600629997083519,52.90914672574902,Ce
0.05920905989675982,64.0021756768083,Ce
0.057366265577303316,73.25612677647543,Ce
0.10548160123180818,75.17785245500798,Ce
0.060182582749875944,54.26037327674373,Ce
0.07180267384868627,30.187934161157703,Ce
0.05900528025079232,40.195222980754046,Ce
0.04043593203852232,48.78731921014306,Ce
0.07946295267460969,76.24929338994568,Ce
0.04592290167589791,49.80596750882017,Ce
0.09508122559594721,34.0862171495849,Ce
0.06907385835456864,51.15537891794921,Ce
0.1415428275401583,16.432928881165655,Ce
0.18853843186672367,85.21391367465421,Ce
0.05745475495749255,66.2852707761179,Ce
0.06669215498183621,34.395127241095466,Ce
0.04940666944006944,56.61905314378331,Ce
0.06390354979683549,73.74355986119092,Ce
2.052317207577255,80.45647808924737,Ce
0.057827626602898974,61.486459756569076,Ce
0.09718343744894883,68.30447480901428,Ce
0.09123148849460927,77.1193078795849,Ce
0.06455333802119995,86.15097616694021,Ce
0.04247135671299551,55.413121638389406,Ce
0.06483265143532861,76.6707366561544,Ce
0.18553819075685862,62.87564709794808,Ce
0.04328255162062323,84.65814926514294,Ce
0.11779790637886298,46.880452020837325,Ce
0.04093974010978553,57.009768606138856,Ce
0.062194852093668686,65.47042248448948,Ce
0.059235204752370055,61.59038696198061,Ce
0.07612103027947736,76.90032289499626,Ce
0.09224209928367244,73.36608650918198,Ce
0.07055540807654423,63.280282688811894,Ce
0.10683192529574977,43.37544126527953,Ce
0.061353071330200196,39.89643438189675,Ce
0.08259612154391373,42.44132099388488,Ce
1.5465599209416676,28.464929656745678,Ce
0.07937529483336926,50.723289119682484,Ce
0.5325474475033293,88.65247297574739,Ce
0.1095528875058839,70.48974816748854,Ce
0.07591738289231426,66.9599385345223,Ce
0.18929840587137578,74.7343111614771,Ce
0.037255678737978914,52.60092353848205,Ce
0.0467990846452295,69.61521084082227,Ce
0.0726632567500468,71.85762334760797,Ce
0.41333451332631627,4.9512210665561,Ce
0.07282688597208353,59.970351274566475,Ce
0.0763095520463075,43.72042253542911,Ce
0.05457702296184501,56.35043670960483,Ce
0.1342919912947852,74.63841715994216,Ce
0.06329987489947038,68.55012962414072,Ce
0.0443062128182573,51.989812932385966,Ce
1.6789751463632823,80.42995028126215,Ce
0.044777578736303905,39.683933357567284,Ce
0.08519851397991708,69.85754770056246,Ce
1.6308852002728738,49.58000322187759,Ce
0.11295036230945772,73.57244258776723,Ce
0.07993477184615624,45.966369058772706,Ce
0.25330637982287224,78.78252253511259,Ce
0.07048525734782679,35.29886589630882,Ce
0.08500290274529286,50.241457527997554,Ce
0.06933459175808127,40.19698674770102,Ce
0.158250727222209,69.24557383135492,Ce
0.13329286557280806,45.61093626716749,Ce
0.4871386540118042,67.56290912536066,Ce
0.08924327378997285,69.91657761748277,Ce
0.053895667296149384,81.45447166003036,Ce
0.4696364355800747,87.03320923993839,Ce
0.11270239214310802,71.51345891785355,Ce
0.1074502151826753,77.51561942858709,Ce
0.049148603652052876,60.91388217137807,Ce
0.09350958897480376,80.36634195699101,Ce
0.12405818674574064,73.09160892108962,Ce
0.10396909481737532,82.23807843207625,Ce
0.06113202642328087,88.83208730866102,Ce
0.09105944036267913,69.15573122455409,Ce
0.0848812960382152,60.16650823059741,Ce
0.06270135479371108,56.928631711653296,Ce
0.05651562306688544,34.44161932588203,Ce
0.11022108622312334,66.53705649785076,Ce
0.09286143980421897,73.52584509557089,Ce
0.0785346991140188,34.63976045869561,Ce
0.09706936797861276,67.33309149525034,Ce
0.036120506498976815,56.19282470677142,Ce
0.09319577491637727,63.0342686053584,Ce
0.06885935082144809,40.80483818416304,Ce
0.1814805729717758,90.13871763823934,Ce
0.04225821090139482,39.18288601932055,Ce
0.05337073511465474,16.553248527222497,Ce
0.09251614902207764,66.15918363949172,Ce
0.0700369368320479,37.75486069301613,Ce
0.0604949051879402,62.163681261793705,Ce
0.059830482180130796,60.862663940666074,Ce
0.07484735956799889,82.46716827171208,Ce
0.046245197779415444,48.03298669676944,Ce
0.07533248344305067,57.05168691025331,Ce
0.1759937653730006,54.83588478292454,Ce
0.04395908320117749,63.77198415688937,Ce
0.10875404160779704,69.55542956398016,Ce
0.050029427282010236,59.889504564804504,Ce
0.06381020854022897,56.98185406944028,Ce
0.06205770329562069,65.41847459057055,Ce
0.06053863559884465,59.94242155407496,Ce
0.1195000138806199,69.51327840789959,Ce
0.07731709937431176,32.97988873869358,Ce
0.03934924145913818,51.68680746319265,Ce
0.0637213411336105,76.30394387581538,Ce
0.09301799119560866,61.134538666964055,Ce
0.07065495893504256,58.06030620986559,Ce
0.07343471114935672,67.50937170360325,Ce
0.16040014206494987,64.16716893591149,Ce
0.05020689104861766,35.440949851185295,Ce
0.05919563063771048,59.44919986416503,Ce
0.1178978188183442,58.51315743958178,Ce
0.07466841139104374,81.41778835335779,Ce
0.09589948134245241,66.58629541895357,Ce
0.04433237916906528,32.57790124990577,Ce
0.037276100268924264,57.235273456890276,Ce
0.06747310039338639,30.893217775194653,Ce
0.13120837850665845,76.25141196401741,Ce
0.10193196779587882,78.02448304594887,Ce
0.05650582801048634,75.66214758879651,Ce
0.05580746791124981,67.2474947249698,Ce
0.07082695232611262,91.40504191144049,Ce
0.04917326631935482,87.82497932582802,Ce
0.04311791224155248,21.967525182356734,Ce
0.06839460026125702,37.21791316589848,Ce
0.05760388497355484,53.73696019910967,Ce
0.04434914477375623,38.96846251612465,Ce
0.06687906111329414,24.474382869993793,Ce
0.050291561129121316,47.88758534983457,Ce
0.03913245003349121,51.579404065035774,Ce
0.0789047499940254,60.31445834715056,Ce
0.04764537705373351,50.06768441492685,Ce
0.12294736466343144,88.05256635757324,Ce
0.056209239327594654,51.47621367349324,Ce
0.12141846503524119,33.906074484913375,Ce
0.03980910741970308,58.62798206383236,Ce
0.06842751640416725,52.15122989852308,Ce
0.052187411124734094,57.20532587692888,Ce
0.09136047623626291,81.0917236415758,Ce
0.10525120765192648,70.48746960906684,Ce
0.09648685204040888,39.14475780578508,Ce
0.0778693259633222,51.17340188396012,Ce
0.04703503375896164,67.08883923867269,Ce
0.08425288141550241,20.21139513861608,Ce
1.9330797135174922,50.7752643902855,Ce
0.09205933019464005,69.86893266061152,Ce
0.06907960795758185,62.36195684619062,Ce
0.05197312718004928,64.35423616988116,Ce
0.08227987123480904,66.15646859494981,Ce
0.058819953034497274,55.38198705532019,Ce
0.0751006671861524,72.23079314072885,Ce
0.07717057778746368,53.57911985037455,Ce
0.10164131492676094,33.592269990435746,Ce
0.0557231710632767,69.71119650170917,Ce
0.08482466083823063,77.53993006198657,Ce
0.06949273103469038,63.64036200522122,Ce
0.09231345430839556,29.454789056869036,Ce
0.05431595575758627,61.11001587178987,Ce
0.09548199149811501,36.18544596331648,Ce
0.07789358730308833,39.05977067587552,Ce
0.04939833306118202,61.20466194942195,Ce
1.989287593593813,81.04091738417537,Ce
0.06504799580265161,66.46271503198389,Ce
0.07192211879106808,43.92481684884103,Ce
0.06248660967012708,58.46478969147866,Ce
0.06839710405282853,46.17338588726774,Ce
0.06889843569192691,57.506225416045865,Ce
0.03158799890754724,54.993255709225785,Ce
0.1335956228455371,78.74737348861544,Ce
1.4628420174398924,80.55606513257366,Ce
0.0560301480970031,59.80142330372577,Ce
0.08641335654115415,72.44470217308933,Ce
0.06139167579428184,61.47202585816358,Ce
0.054506695098376357,48.35294109632007,Ce
0.03043620174143072,43.20660785909807,Ce
0.0740325254398957,68.5707807754842,Ce
0.05595293946054758,68.7735593400601,Ce
0.14386156261702657,82.98765792404413,Ce
0.06422606788764687,46.08278302357873,Ce
0.10621796036708107,81.81395807724452,Ce
0.08512652531829173,68.2148907850536,Ce
0.11694072089449108,28.31843294687821,Ce
0.07137749058113613,70.04711449639107,Ce
0.04869138601375449,59.697410200249315,Ce
0.053013614717521036,60.315615346833525,Ce
0.040249665113465165,35.07906928586857,Ce
0.06656320187561873,72.34634012250073,Ce
0.022070355760799697,9.7601537586996,Ce
0.028394482364211403,52.157620351935286,Ce
0.057790591379617805,87.20749288208238,Ce
0.10882210171620312,62.60572762229667,Ce
0.05646533831630985,68.9368140917829,Ce
0.1305712851796343,76.90072956798461,Ce
0.04518420347026455,77.67298238253503,Ce
0.054016790430409155,77.84929589005296,Ce
0.05686150052686168,63.20578526674424,Ce
0.09216273464844973,40.87948863210809,Ce
0.09549561708706983,55.21062542987076,Ce
0.04252391268497597,44.98290608660525,Ce
0.04866253503166969,85.21961921822336,Ce
0.07152447520050535,64.48456580816021,Ce
0.04403403624339023,71.391280704057,Ce
0.037269361433414125,41.51621189461751,Ce
0.07156983138594442,87.61080061273134,Ce
0.06191347709358967,32.74319899777837,Ce
0.13855009939049903,63.533459956015975,Ce
0.03680345447284496,49.571838291207236,Ce
0.21786961469223382,73.36884123246658,Ce
0.07731836195840253,65.99617825471303,Ce
0.040008939326698585,59.195854845657465,Ce
0.18799222835149013,73.75760424985671,Ce
0.06016863922063788,31.981765274758793,Ce
0.04856655319544587,81.28858711691997,Ce
0.0512880518744076,67.71239291795673,Ce
0.08114136393306891,34.10846097803705,Ce
0.047197476912375684,48.62346715759494,Ce
0.06882234634191733,59.00814801575292,Ce
0.14097251386910928,78.09328157543233,Ce
0.03595332966181315,43.34620089171839,Ce
0.058838540368807764,44.00651570371736,Ce
0.04811212059062761,81.68009408642848,Ce
0.14114299922197868,46.038723535830734,Ce
0.05821076341157902,64.50397998987685,Ce
0.17120369363349233,78.36716286040846,Ce
0.04803607281901602,12.45540628662997,Ce
0.06799621245330456,38.24894032228186,Ce
0.09770770082321194,72.7526133554429,Ce
0.04004217176436706,65.67517527846529,Ce
0.0492059584805232,91.44714415936988,Ce
0.030882333105995714,59.00018461216035,Ce
0.09874512279414652,68.69594090220464,Ce
0.06981774920793789,65.44364353994526,Ce
0.05775160145556329,73.64066731186742,Ce
0.05562852868090376,51.02745777326811,Ce
0.04925234045472463,72.86493411664574,Ce
0.07583847688874719,62.49656157028273,Ce
0.09268102928533663,55.13158956833219,Ce
0.06344935271218297,25.449072006875152,Ce
0.08673624619339951,25.591590107714055,Ce
0.04267974676471875,56.68603091638127,Ce
0.05028302780585378,54.77541349358721,Ce
0.16745540123653127,43.13541113059365,Ce
1.9661060255663705,87.77656102210051,Ce
0.08166106033580361,83.51350001520191,Ce
0.09920089868367593,54.20018830954929,Ce
0.07515590922214617,59.91348755254124,Ce
0.08861674707889666,76.78576154614377,Ce
0.12279071019506661,62.22926820837208,Ce
0.08150289015928032,81.87756936849074,Ce
0.09240462129638964,71.28169504028875,Ce
0.07090007193439263,58.58897691172862,Ce
0.05029088667246964,60.56285365150208,Ce
2.8507749138182654,80.97847179259199,Ce
0.11679799144035959,52.34598207756729,Ce
0.1867216958023072,66.26640394100481,Ce
0.041925597301054794,53.38111256283754,Ce
0.07755362215239064,23.28070231030919,Ce
0.07983249570530221,34.70809809037898,Ce
0.234949061029232,10.79841175362798,Ce
0.06708007572823364,28.245366855977554,Ce
0.06102716608071452,72.50182254184507,Ce
0.1092067301941748,68.19370002419409,Ce
0.09769560384264336,58.733580087113,Ce
0.11564341165332098,61.435244647215875,Ce
0.04019792609193881,48.44758426450613,Ce
0.022663867699517615,69.72634749044086,Ce
0.07084230845499694,55.85822678692762,Ce
0.09727269536591221,71.2527400584325,Ce
0.062397737730826505,66.00544634005459,Ce
0.06833790570186292,52.39227871458971,Ce
0.06444910810692961,64.44301217161302,Ce
0.10066697825535509,67.64543243986381,Ce
0.14144145772563838,80.17932065588973,Ce
0.09592462700252352,31.546945290393115,Ce
0.06164189136775489,59.24272371925173,Ce
0.05534410449316938,55.992859124785646,Ce
4.350964474468212,84.74780390989554,Ce
0.0564750475607726,50.20036341319028,Ce
0.07123819168189231,58.33095721225973,Ce
0.07175474316126226,42.903938849136395,Ce
0.05506333660088143,73.31537710532433,Ce
0.042674500619614385,51.85267319764327,Ce
0.06142631652774235,49.38380341122477,Ce
0.054285420708571425,47.808312272662704,Ce
0.0749579917246495,31.769392191398424,Ce
0.10863455201599058,45.17420640001599,Ce
0.14907697503738043,69.29251470583925,Ce
0.057407331560995034,73.06472773906262,Ce
0.04829716962346693,58.06377052962235,Ce
0.0662356789730875,69.9097285580744,Ce
0.10728235578450546,72.77119179577923,Ce
0.06721642598615594,37.19197653815536,Ce
0.10077407550099755,67.07633848314131,Ce
0.37852666933177925,62.67528045820495,Ce
0.08673480083264591,50.99865320457174,Ce
0.10079070901190014,44.68616867118172,Ce
0.06783604855224043,56.51167607252872,Ce
0.04943321915099221,45.74526577212475,Ce
0.07416402149529917,97.3023208732998,Ce
0.10994390270486545,78.69766814545166,Ce
0.0856609277273354,65.78844043949405,Ce
0.03723552952349231,49.58709265625989,Ce
0.06187005727345448,60.84096852327404,Ce
0.060103787210109005,60.17442065115598,Ce
0.08407369294587046,39.00638906624484,Ce
0.1345452632024463,70.26510322546596,Ce
1.9410140540286294,81.11102272702308,Ce
0.05858155155520094,73.64953922298959,Ce
0.035968802485712506,60.60925297006271,Ce
0.05938442513241953,50.767969946960974,Ce
0.07202937830740615,37.60083573975829,Ce
0.09000812629679077,62.95465935961414,Ce
0.13615007152653272,28.272208128604074,Ce
0.05982535855898206,13.592350467532125,Ce
1.5092105394153676,80.83145782482165,Ce
0.08178833963318789,42.63618822916674,Ce
0.05014228042696728,70.16819061860147,Ce
0.06923177877543647,84.63744654014158,Ce
0.04928730426252056,69.3933689351023,Ce
0.08273702750754093,27.45660718628219,Ce
0.1000050725003695,70.41664413201568,Ce
0.19109371998841868,70.07509492647733,Ce
0.05177936818117355,56.388882052761595,Ce
1.3935482617590325,84.70880300864187,Ce
0.07485781912596243,59.446998287425316,Ce
0.06853821100231763,60.0005853609263,Ce
0.05139253747747599,65.94902663924638,Ce
0.04228482788121515,81.96188904289704,Ce
0.09966589101628003,71.91820451165162,Ce
0.07836247575931644,36.794757867447565,Ce
0.052018932086435606,49.97033211492198,Ce
0.07793957712059772,48.90047793224395,Ce
0.05450976850180542,71.87559130470778,Ce
0.022931298311300002,68.59928078988061,Ce
0.06832672055793881,88.13445593748564,Ce
0.10535250133505072,70.56007385351052,Ce
0.08675174516061795,65.6764481658653,Ce
0.05599735690593053,46.21260601049623,Ce
0.07633232807580341,74.6952995792905,Ce
0.07519463960295854,55.16478259693107,Ce
0.053531472001779996,69.12368951930883,Ce
0.04757162653303067,76.18459676901746,Ce
0.04113354390608835,53.7628203587769,Ce
0.06957583278754068,73.31185204730726,Ce
0.0418530691969761,58.00012509150819,Ce
0.07789591502966602,63.60587615206756,Ce
0.06215274418221992,68.57485897847039,Ce
0.06921596505922901,67.042016024007,Ce
0.06106742187311612,57.04226845818016,Ce
0.04538521378757063,82.28153256648899,Ce
0.07930033845195349,71.78896706444606,Ce
0.10353911183019862,89.64027383556814,Ce
2.6553482167304683,80.19829448441605,Ce
0.09389921685510029,69.28560575831841,Ce
0.08252965664190207,62.61210831522071,Ce
0.0841281658077464,41.532169926290074,Ce
0.42191786091579514,4.064628279112117,Ce
0.05171905415907433,45.44249950271495,Ce
0.05852944303739437,56.81288513578946,Ce
0.06542903803877125,50.569087796447725,Ce
0.09713784925905904,64.13945162802304,Ce
0.044934425481140246,76.57596506041995,Ce
0.03509361293816838,89.34114039715794,Ce
0.11578475980496214,32.33182260022665,Ce
0.11862763337720746,88.92945940127599,Ce
0.11996690135342859,16.56157043687668,Ce
0.06856605333206633,68.87420167714777,Ce
0.10286962375309584,63.22850648544226,Ce
0.05051706014638361,68.79433620237987,Ce
0.05070125877601974,44.85120367536516,Ce
0.08537826162701682,39.595411504715166,Ce
0.19428530411430683,66.09586275903288,Ce
0.07381419539324897,68.46773395188238,Ce
0.040728861125314084,61.36206576233024,Ce
0.05621616330199948,54.60986781440404,Ce
0.07560550963341033,64.01864630685752,Ce
0.08251626618524596,72.44796652355724,Ce
0.06290006966847299,79.26749421463418,Ce
0.04285218303871713,40.561469205161586,Ce
0.11035308464329495,26.043059012909698,Ce
0.044649240071644045,68.64214157573288,Ce
0.08749697401759968,74.99896224612498,Ce
0.08231988470930536,69.66773747811246,Ce
0.04752955314598396,67.95555747452838,Ce
0.12804482229821118,57.45954277749992,Ce
0.057692459034275105,70.46677897933539,Ce
0.05381752133877177,61.811785430734425,Ce
0.05706972823480213,68.45055423898552,Ce
0.07612124605241247,70.44722092026889,Ce
0.07070186350530029,19.803451144822837,Ce
0.07391356264910105,26.132001286652148,Ce
1.5524174627924068,80.56251549120245,Ce
0.03438758282504141,42.95469322897508,Ce
0.058844926326019585,52.7798762316148,Ce
1.968350953921818,80.23940144384785,Ce
0.08882865533598244,78.82406619300441,Ce
1.6430637672153017,0.5291886091731788,Ce
0.105141659100007,74.29381762212164,Ce
0.0627371250898766,62.0020468782463,Ce
1.7722470383719107,0.49637931450288686,Ce
0.04315211765941826,69.1304253239153,Ce
0.18002499019658116,75.9139324596734,Ce
0.07730224975606513,41.37706014458003,Ce
0.07146545368557293,84.40712681849884,Ce
0.07110727595423293,35.149462528868774,Ce
0.08018558496967362,38.052312269736326,Ce
0.040652004276821835,49.247789817727146,Ce
0.09938932534781902,42.986576791570535,Ce
0.13926822744108672,31.024228075751278,Ce
0.061334456071297304,62.75715470193651,Ce
0.10197281970827307,68.77904171491552,Ce
0.0932499370142761,23.123081726446472,Ce
0.07207549626280009,59.12838784653346,Ce
0.09873539865396329,94.55819211465105,Ce
0.14585296576290682,22.19477268450463,Ce
0.08123879397874816,65.18428515127455,Ce
0.055552026011542605,79.30351305553486,Ce
0.06402107947759123,80.97595053951672,Ce
0.04781265930577014,52.4270217032828,Ce
0.07253985435621686,60.76184385196554,Ce
0.07507206145993008,67.64925071201455,Ce
0.06744579712342391,35.90762690648383,Ce
0.03688962163242031,53.8925130759007,Ce
0.05107055265522144,73.24984911253962,Ce
0.11980443010533857,41.48921175273547,Ce
0.05462129777464231,34.08362855261728,Ce
0.0725283559056663,72.17793580248201,Ce
0.07275440622053109,61.15172666043723,Ce
0.05334847931703713,62.15548182712447,Ce
0.04628372988098748,67.63055072328963,Ce
0.08309815606045436,62.45725595176516,Ce
0.12957200017482132,11.56664818491914,Ce
0.09189164660802168,68.942850155795,Ce
0.05415250072224952,49.18808232869,Ce
0.03818255912439458,60.07444428004724,Ce
0.09628916366482985,69.57102368661309,Ce
0.05778126042157564,20.324415373798058,Ce
0.06647517100763758,26.67788542745597,Ce
0.11671456140679284,41.87529729127535,Ce
0.07943826993763171,91.09458905086966,Ce
0.030580427559602927,35.369482974445916,Ce
0.29898325752965677,55.9662995243867,Ce
0.052431318392426984,80.71847966017019,Ce
0.061712025521583905,61.89411540473991,Ce
0.3956957269637385,62.62050269551966,Ce
0.04290477210580731,31.9808418425364,Ce
0.06156721891265359,79.73192867105936,Ce
0.06970464200624324,44.825939942927555,Ce
0.08051426217815537,82.99446466273221,Ce
0.07643710486923036,71.37157418609536,Ce
0.04880143051976863,44.377246767169304,Ce
0.12379424260153911,69.89145173363367,Ce
0.09739056767601381,79.14072149430653,Ce
0.056383189844318365,45.137489175866726,Ce
0.12868863368231456,67.75865719812627,Ce
0.07496122974588226,77.20053443284353,Ce
0.09454055554523651,60.69719691722496,Ce
0.05200224721216945,63.55729536026388,Ce
0.0615072466915904,76.47317966235232,Ce
0.3842973454292279,56.33855303239294,Ce
0.08021446857854861,43.434494636144834,Ce
0.0863651978317455,39.09712825476009,Ce
0.3140101484221596,6.498403435446077,Ce
0.04867112413299368,66.88107905374515,Ce
0.09737341911565597,63.70545236395144,Ce
0.07304246440272624,37.003305553295775,Ce
0.06030854117476107,58.96996052476943,Ce
0.05994317616438963,74.3052528642537,Ce
0.07031308350773721,59.65135834031632,Ce
0.10365268494675088,71.183521270203,Ce
2.169127154093039,81.0880304829214,Ce
0.07657289992757597,70.24366640734249,Ce
0.06822330941091606,88.61859032880993,Ce
0.05325513637086732,63.92089079566736,Ce
0.070583545311007,36.52545444536854,Ce
0.07114782960843966,44.418204002215724,Ce
0.08057685293994907,77.91140955631288,Ce
0.0801870509553811,29.032630579822136,Ce
0.07879615382801793,48.062028689177815,Ce
0.055427044277077245,44.37756425971841,Ce
0.05646540596940448,62.16866965267929,Ce
0.37785549000992497,66.61608125250288,Ce
0.03767147966275186,37.926458117518536,Ce
0.06760598301462648,66.3636938917602,Ce
0.09593389257770861,31.189783950844745,Ce
0.04548474251723327,69.86694697412875,Ce
0.04730804123549926,67.9133042975571,Ce
0.3554227292726677,75.8135584744905,Ce
0.048875940837304836,66.10655046229712,Ce
0.11462915328367783,69.07812920543124,Ce
0.0401056400933682,63.853157902277744,Ce
0.0995239993887034,66.61225122903681,Ce
0.05634570863780797,63.27868552166149,Ce
0.10407897008363513,64.35162147973017,Ce
0.06233714491953232,52.685590094992754,Ce
0.050904376911164645,66.41731731434129,Ce
0.18649397150911237,5.197250871074117,Ce
0.1254634211709589,78.45579456517999,Ce
1.6741209486712718,84.23791547488511,Ce
0.11024501781404043,79.27536228350398,Ce
0.09814789897769313,71.30333737369409,Ce
0.05607596104598333,58.04701008879447,Ce
0.08865823697703167,66.82626145745465,Ce
0.05208307018783795,42.057803684848494,Ce
0.058412999740339026,53.235263800672584,Ce
1.6542588858403013,89.46935397324513,Ce
0.07399821116017283,57.909934662648254,Ce
0.09368207659183023,14.462849812150523,Ce
0.09963287855418376,66.18904492698846,Ce
0.08746928581662029,69.17123327934812,Ce
0.0403286446862316,57.304067663226675,Ce
0.051091812830861776,77.28530240678043,Ce
0.3345883252870434,55.704846140414276,Ce
0.0962329263891212,59.28183615172679,Ce
0.07108059528425298,68.93835541385867,Ce
0.06398654935504612,64.67745411928188,Ce
0.12813959395656677,78.27034320399243,Ce
0.08170449776661827,41.36071270409877,Ce
0.11990241993981661,68.52959954290162,Ce
1.8257863601573066,80.69872374916017,Ce
0.06278240077161978,69.54088972591003,Ce
0.046395231993742785,48.13404309580189,Ce
0.05787842026796924,75.16630193926247,Ce
0.08175359831371173,45.96935640031797,Ce
0.06075939950396139,74.19331654339949,Ce
0.08232154304231629,56.84385100051904,Ce
0.06804091002851334,27.90574350919375,Ce
0.07104628939523201,67.3336574530527,Ce
1.75946122132852,-0.048928100491524504,Ce
0.2090185735220401,73.4513852244341,Ce
0.058801906790389304,53.17713031984285,Ce
0.06646599330450317,49.026652484235214,Ce
0.04855762872115715,62.373963195905056,Ce
0.07368014781569951,68.37173149532083,Ce
0.06167599625402746,33.61102827612465,Ce
0.06139084000832754,65.48317262594377,Ce
0.059529315818014225,44.90968358692925,Ce
0.10920470589855542,69.65058591877568,Ce
0.0595565179537626,61.10773993195561,Ce
0.04755619214757276,42.32623267307352,Ce
0.07659993656892908,81.23687449646806,Ce
0.07027715493913747,91.2923353529575,Ce
0.061975042883668396,80.9346403667059,Ce
0.04348491186127516,61.030166646197586,Ce
0.06320421704298582,56.15272354754061,Ce
0.042065019381267846,60.83852241864271,Ce
0.07936427218970098,68.14541814182327,Ce
0.11266660200063527,66.06878639221725,Ce
0.059789020878857124,90.12002615177053,Ce
0.03608519865102992,33.307756574852306,Ce
0.07474604044495939,54.365329112032576,Ce
0.056062100181724424,60.16366661392662,Ce
0.11003011307695332,56.030183163777835,Ce
0.11590739748164518,70.65443326710536,Ce
1.5590475926897147,79.53553955935865,Ce
0.1214030246659521,62.97856790822768,Ce
0.16603454691945524,74.71608599550201,Ce
0.11645926067856219,59.70650208147393,Ce
1.939292215291355,89.4070961975877,Ce
0.15335976505463444,54.339785334819794,Ce
0.08153475561653152,69.61316595346945,Ce
0.13284743397274787,77.06482902124495,Ce
0.06725544835861526,51.141734613453835,Ce
0.19384753469605454,70.50985418698897,Ce
0.07295102662764286,66.8795220710473,Ce
0.07959688825340738,40.88705070060876,Ce
0.06924984837917793,56.934675113959244,Ce
0.10442161544649793,75.77032379070918,Ce
0.041878461217644505,43.79822106778006,Ce
0.05772525398886751,61.77740146253055,Ce
0.023543045672779893,43.027631127646394,Ce
0.051681853254806225,69.32740370573755,Ce
1.733457542475893,81.43434775424237,Ce
1.391155633638054,49.79222117007151,Ce
0.04276457740606987,34.08566836873187,Ce
0.04740339918832171,74.63995049313675,Ce
0.08401043952843575,81.65899856983867,Ce
0.1233500572779925,63.0602262551588,Ce
0.04665469335014612,70.91650192933669,Ce
0.05016721311609805,86.64936551053556,Ce
1.9944826601686874,0.13605518274192285,Ce
0.06651024718674976,68.86922458616303,Ce
0.06510770270887478,51.193638197320226,Ce
0.08849358826436744,61.15451897507718,Ce
0.04144692243403204,63.69299870599682,Ce
0.06205103363646985,71.02549981178967,Ce
0.10512251463310995,56.12249037802645,Ce
0.08775265588949369,34.32711456420716,Ce
0.10466935794861536,63.36536969769112,Ce
0.05325227871108538,5.411586403561597,Ce
0.3186695400238302,2.76239057230285,Ce
0.05913471219477128,61.368474740697714,Ce
0.04278759371118303,58.37683708262049,Ce
0.04035114181240448,44.01606074432841,Ce
1.724752808553613,50.48794933171569,Ce
0.07214237498934897,30.914989404461277,Ce
0.08017857118676794,85.69893647123045,Ce
0.06934616747920039,52.01590892109469,Ce
0.05590081903909526,70.10577921483983,Ce
0.09797455350079255,75.17936811671532,Ce
0.07712573632440724,41.53685392337932,Ce
0.07587739347836898,59.611069891693795,Ce
0.03596323128032831,93.52907234955671,Ce
0.050458791604277194,81.62410968319001,Ce
1.6763210636217167,80.1703173827639,Ce
0.07373237655601259,37.11215612134343,Ce
0.0838034174007392,63.559744180273455,Ce
1.6436459329637922,0.4036635431251332,Ce
0.08991060003162823,69.32716775012423,Ce
0.051268987013011094,23.20265059344288,Ce
0.06580071951703982,62.11796597510807,Ce
0.11278732071751923,59.01698914581433,Ce
0.06368735563668972,74.52199724985776,Ce
0.07313517374056724,34.59524378514755,Ce
0.03993932535830439,55.06722895792446,Ce
0.05733633348830973,52.61262415933095,Ce
0.07317483618935308,72.29438461788978,Ce
0.10307488243178797,70.5915345808993,Ce
0.11307503044758008,45.49596601478763,Ce
0.05753759549755968,52.95462431772938,Ce
0.05477922537753648,52.90317067956496,Ce
0.05484447917931635,67.2531213297453,Ce
0.11846769683892543,46.32647086235073,Ce
0.0634047434973831,59.95750721795663,Ce
0.13530505379720553,76.67756841920138,Ce
0.08296154950036333,63.057306671844366,Ce
1.575973151164671,85.38831143439607,Ce
0.03326522459621598,46.455354531587844,Ce
0.060947100494578625,74.19148793473242,Ce
0.0595829936862608,77.17343370966063,Ce
0.09619210187258463,75.49662786268834,Ce
0.06793870367042774,66.36555267451949,Ce
0.0620654722124306,63.948779625790976,Ce
0.16704093982090906,73.75866378963325,Ce
0.0886051783722364,85.22673889362567,Ce
0.14356609108318458,90.84727388047169,Ce
0.06669343750748065,50.23394184310847,Ce
0.042270034422776284,58.47051467440301,Ce
0.06066388257472911,65.3723095047868,Ce
0.11048942137168552,74.73636475072045,Ce
0.040470920703102944,87.57199082454177,Ce
0.049100033424801064,64.82243362910855,Ce
0.04502864811695012,24.513050840484677,Ce
0.06486596153440297,64.22708818536834,Ce
0.07276189531435308,76.20397842501797,Ce
0.13830114543634076,83.44641174267541,Ce
0.05087420366209211,56.55419548950611,Ce
0.08045969851462424,75.1375182016873,Ce
0.03663236061526983,55.76346525704524,Ce
0.04538814819378771,51.12126986513073,Ce
0.06431310636597544,67.98117318918479,Ce
0.05960728952720756,58.27754119790412,Ce
0.28332319075765694,15.810996656611186,Ce
0.05476832667212818,65.76006515467976,Ce
0.047865817115079416,62.7392731936825,Ce
0.04024126304847312,35.37996194353337,Ce
0.07934113646166487,60.97819698233602,Ce
0.04091388143382783,62.905316147258006,Ce
0.07257846468418191,66.86938916558685,Ce
1.1877425064097007,80.20798664999576,Ce
0.18402728847102623,17.35138695511736,Ce
0.07181769427568754,23.585953442683838,Ce
0.0644952767715845,81.28653413244898,Ce
0.08891528996778332,37.629009344240586,Ce
0.07352752846850019,26.189931659717335,Ce
0.06536573881975719,35.59335532707796,Ce
0.12720193611239777,68.83352698115476,Ce
0.11135759725683184,71.21274088280256,Ce
0.07842616625626024,49.49733450736152,Ce
0.10616491419592322,69.23356875523548,Ce
0.06551667437601671,69.6205079529338,Ce
0.38132809149200964,55.711530509452764,Ce
0.26720889273082876,76.07616651733778,Ce
0.17915739110501405,75.31211306374419,Ce
0.07903962110188775,76.839202656638,Ce
0.06133955836302732,64.74866837104297,Ce
0.06419405801130103,26.86620069476402,Ce
0.04037855180759333,54.612085450588495,Ce
0.10447665643083964,48.93782180866904,Ce
0.10086935069723667,78.07814402851935,Ce
0.05317673964533693,86.55989258027671,Ce
0.05457571524087896,40.520042752025525,Ce
0.09310089136290502,39.73150595545579,Ce
0.10249668919119022,57.62503327096709,Ce
0.06290706583980324,59.97827459280496,Ce
0.1179331302731902,70.79202248359556,Ce
0.3755789362152747,86.45351099059202,Ce
0.08267943281159817,58.75437594923537,Ce
0.08825486959334905,69.15729148202436,Ce
0.10143305815549077,51.32205827668482,Ce
0.05443002981108234,40.30381146753619,Ce
0.09917600810337383,61.93221106049318,Ce
0.5381892926132777,85.76759753016309,Ce
0.052836356438363236,69.41354801555623,Ce
0.051079326270778214,61.986591842413986,Ce
0.08385444518235396,74.41141959178884,Ce
0.06340528562974483,71.47093218194914,Ce
0.10701988381239565,59.80349474430163,Ce
0.08332022262746136,78.50608720232168,Ce
0.046281669259771965,55.71162620701456,Ce
0.03870665799398341,56.07178470873482,Ce
0.05129906559554507,65.12477234152881,Ce
1.8715060999265705,58.82598742092928,Ce
0.11346580936727473,66.17292140613569,Ce
0.08782874741573672,68.7311453445823,Ce
0.0763209901513791,59.09158880655734,Ce
0.06204452629526922,76.95168658385086,Ce
0.164723017764446,62.22966791625945,Ce
0.06518387894118322,52.380245349711984,Ce
0.05923845294494541,45.06657188206763,Ce
0.0693362085246725,71.19165957313648,Ce
0.057717266008016,55.569330981394934,Ce
0.09082743205800037,55.49255626980395,Ce
0.2801983321968231,76.73639068493263,Ce
0.12707739405677412,72.670912893852,Ce
0.06563431925317191,16.373990419804134,Ce
0.07269820475354596,51.45882741495267,Ce
0.05311458549618414,56.99425851842038,Ce
0.07197388590845197,29.278529149150234,Ce
0.14956174900982092,77.65286928886272,Ce
0.05194037761777444,52.00553923043921,Ce
0.1309639547805912,69.92408899575005,Ce
0.0861078447385577,73.81482361510066,Ce
0.05727138251429123,63.803384572791664,Ce
0.06004357328397277,67.62845071877742,Ce
0.056210783136702795,59.19966093102407,Ce
0.047085829280036746,64.20819672351044,Ce
0.11198596306579409,70.9819466574444,Ce
0.0901801459878303,15.004176681049422,Ce
0.525805870160814,87.72714375487678,Ce
0.039327013850343595,47.93013204239029,Ce
0.0757402807772128,70.70502854159412,Ce
0.09313762932248207,46.81639075816722,Ce
0.054286567116084115,48.04134044985491,Ce
0.08475725437869021,51.83075469284159,Ce
0.05068832620117532,68.27087222836155,Ce
0.0601500983066388,82.96626586531433,Ce
0.07710461394298357,27.685787210759273,Ce
0.10922094006915717,93.4955847837995,Ce
0.06475457336525106,24.832331038038213,Ce
0.03012807128250071,77.49884344622247,Ce
0.09682684535366788,65.43418609184306,Ce
0.08991529419550488,71.94110276284589,Ce
0.0708396219393605,77.50315936377199,Ce
2.3555861629697055,80.57938012935247,Ce
0.10342367690090809,67.56551722617573,Ce
0.04061492356087424,103.33012609092685,Ce
0.10829773061154128,53.13125834277387,Ce
0.1818247056251607,64.31046553098709,Ce
0.08915785278224621,60.87818390477915,Ce
0.09320280421644962,54.38613857062947,Ce
0.06373104645323885,72.38575860907189,Ce
0.07316745170245187,57.44116573433481,Ce
0.09570045569390069,60.653154455024385,Ce
0.07952579689605219,86.27352971957139,Ce
0.16410395084238497,65.40982720507111,Ce
0.07381057855921615,43.74955618196418,Ce
0.05191812404343342,61.01353128673105,Ce
2.3054816222717283,89.25318726382622,Ce
0.08027789611786171,65.4661368511616,Ce
0.06284653923996347,26.36553916483848,Ce
0.10146890248027352,73.63183617988413,Ce
2.4618951520619103,84.89756157825838,Ce
0.038131935287677284,75.48255396318606,Ce
0.04178698900627684,56.19695039309356,Ce
1.0779532061822092,51.5940083340861,Ce
0.044625231234811796,66.3025943295921,Ce
0.11319069427845828,51.6481328424151,Ce
0.0547618190769528,52.65913091570063,Ce
0.08093546139404963,90.99911605248039,Ce
0.07520912936423318,60.29304225996448,Ce
0.09950560366773199,60.52951033447537,Ce
0.07409849138404506,28.54443717127296,Ce
0.04088017841421259,60.88801724158141,Ce
0.08464696991873481,63.60825683676528,Ce
0.0899408140746396,77.83775082355713,Ce
0.06189757949412583,63.43108606268847,Ce
0.061205028646492694,93.51973640291035,Ce
0.08015118445098768,67.02256208321091,Ce
0.15039337683913664,75.6357563187398,Ce
0.6262089760516271,63.35966083203982,Ce
0.05737964234850961,72.4202950259837,Ce
0.07474236338710054,66.06708286452239,Ce
0.1556083691763294,57.74155835208066,Ce
0.06382220304140897,51.403893170637275,Ce
0.0629281612239114,57.62484739071326,Ce
1.4334142097149838,58.55798967563512,Ce
0.07191756661125008,55.362791007830175,Ce
0.08422915651430966,43.88474963738655,Ce
0.050240181391455536,56.510076845770435,Ce
0.14123106045861153,13.74216155257203,Ce
0.055352802474981436,67.70095646383169,Ce
1.488113396548586,0.6063377132511656,Ce
0.10093433798258972,37.13830527514427,Ce
0.059710120614969005,70.54467183321472,Ce
0.04433564903919236,74.8401439632068,Ce
0.26156570433820214,51.883233703819116,Ce
0.06304559676791684,73.12924639955281,Ce
1.6068303193829612,80.38525073973975,Ce
0.08635184611458145,45.182653395084934,Ce
0.08070611263988868,66.08476330949571,Ce
0.06800137805459106,61.28171526087056,Ce
0.06281810200246637,69.53352907066954,Ce
0.07799918835406712,65.83147544021371,Ce
0.054487599654858145,72.31845594220587,Ce
0.05944562555686833,58.239599395915825,Ce
0.07195749473598892,66.13424637320968,Ce
0.11629008124922742,58.48876454374531,Ce
0.09353885648007722,64.00570359131747,Ce
0.1003649449858957,86.28263989348595,Ce
0.05644989204040146,68.22768988311041,Ce
0.05616398699128852,85.39205349399515,Ce
0.0629063737489437,91.57112312944737,Ce
0.05720295141359294,41.00895069770796,Ce
0.08086321984689404,77.8772696475654,Ce
0.07550258816483159,46.57216513602546,Ce
0.053245317551592036,64.00669142790092,Ce
0.0612620479821159,61.598749163684836,Ce
0.08337246947712655,63.485894067771746,Ce
0.05940179642859221,84.3672689754797,Ce
0.04929067595947967,88.76371318829365,Ce
0.04402866768458925,71.143106656339,Ce
0.04817030234805009,67.84275108525902,Ce
0.07629798200018953,33.816328305839356,Ce
0.07020811543770644,57.16412587676414,Ce
0.029388655453940003,46.17863711659118,Ce
0.17635859918236335,73.02877568348089,Ce
0.05584869838547715,48.7198204049942,Ce
0.12919188420766023,75.54200073743031,Ce
0.09362032343146005,77.70757452868668,Ce
0.04478423674664155,61.019919808979786,Ce
0.08261590536027627,74.81187004556443,Ce
0.10940305652571351,60.2768003065689,Ce
0.10273868922741831,77.02117078246948,Ce
0.0595500269132268,62.564726040521016,Ce
0.08044295988362742,93.99956602523379,Ce
0.028245288098888554,26.922470109683697,Ce
0.08552038118375037,40.251533649122266,Ce
0.05478371228243468,55.61382203724019,Ce
0.09023391960156979,52.07034499886,Ce
2.255529499064311,59.84167994685678,Ce
0.0475089658167745,74.21455533091881,Ce
0.04260195927812263,37.5200397359189,Ce
0.11425279459617867,69.22276535681374,Ce
0.05138980158734069,52.12631756896431,Ce
0.07366821204301931,64.95972442999184,Ce
0.09036020369025069,36.680761924667955,Ce
0.09252356014271024,73.82747248304177,Ce
0.05194662825142511,63.02990157964211,Ce
0.10092282601658167,46.20225865554847,Ce
0.057806175923161854,66.6977879081152,Ce
0.07886770683453596,59.18698788843027,Ce
0.05940332910582493,64.8960445477849,Ce
0.06671347028073443,74.61343585968889,Ce
0.05147980931187616,13.328821652080116,Ce
0.10790409520540993,51.86228253250431,Ce
0.06682664303410511,45.193059784510474,Ce
0.10394472357872107,64.64716180968148,Ce
0.08609723867843525,91.51843099603829,Ce
0.04935716766182522,53.39951810811504,Ce
0.08630455159775,51.06022872370565,Ce
0.059045217246733575,50.66006945913134,Ce
0.06101716364113543,43.550056318315185,Ce
0.13656390155329778,4.946268476698166,Ce
0.06946306603970018,91.98978009456631,Ce
0.06597872164273604,51.94607501117153,Ce
0.06038049911187572,59.79721329848556,Ce
0.09027598519056501,29.4749901031865,Ce
0.0721705100454927,64.14674068761265,Ce
0.05336519274020382,76.58205557480662,Ce
0.05535115276836387,58.5119007719861,Ce
0.09280109747135301,38.3552814349207,Ce
0.07367576818069559,53.33110668586267,Ce
0.05745647643140923,57.36596571891577,Ce
0.058237894847745296,64.32928756223242,Ce
0.04289894486396242,52.742069044963266,Ce
0.43938581852617925,64.03261692191606,Ce
0.09979722306159175,90.41848122876567,Ce
0.0542500862338562,66.82569208396588,Ce
0.13857684901135203,64.83002332439455,Ce
0.10751396914518879,42.97699827269532,Ce
0.05712059303811364,75.4448202438309,Ce
0.2281923591938012,71.6981018720596,Ce
0.08398226907891478,67.43972956955213,Ce
0.08195742081363844,81.00184808606893,Ce
0.06859768430292865,53.36046281654118,Ce
0.04688863050803439,74.9039774388258,Ce
0.042879496061551586,82.13651372987361,Ce
0.07122768789584745,67.06987921010607,Ce
0.10081023658632747,34.98497619574267,Ce
0.07483433863801912,63.63926908040635,Ce
2.853074392683664,80.87504811962627,Ce
0.07499009120740067,70.82740372565041,Ce
0.07656375202533236,57.30438261150611,Ce
0.08208368405879399,69.84355085978495,Ce
0.08256768372850373,73.32438570916678,Ce
0.08456847296959395,55.629069415750855,Ce
0.06298338833828135,68.40098999183658,Ce
0.09610047828515662,76.27282552036996,Ce
0.11211713438054413,92.08531746351552,Ce
0.5694814126349246,87.75273921329106,Ce
0.04528949942041625,71.72917258816058,Ce
0.11530736904304603,75.82266405085626,Ce
0.08074054424643251,77.14499082030288,Ce
0.08641004910080868,38.440486094236704,Ce
0.09741208013065561,71.40836549897028,Ce
0.10179001605123571,62.45402937804102,Ce
0.09799647704323036,68.48233770854335,Ce
0.06469871928887325,60.55815500853531,Ce
0.07183190326667742,60.87968072121395,Ce
0.07036795099581497,71.02229359515039,Ce
0.04263978822586172,69.70138819301184,Ce
0.0728216608386557,66.99090088122442,Ce
0.07270076205258137,47.3966023197607,Ce
0.10163142224121344,88.10912283819337,Ce
0.06552211136101818,57.06686389990517,Ce
0.060950872553055244,64.1064402327584,Ce
0.1109234693317017,61.70828807306485,Ce
0.4143346835854997,59.38595295026773,Ce
0.09645506731538969,67.19556694053018,Ce
0.07821637882084308,34.57532370437668,Ce
1.6746463203802708,21.271408395612234,Ce
0.05773700202553428,38.93615048132639,Ce
1.856375208826512,88.1930423958525,Ce
0.04452574875450891,55.535027935732856,Ce
0.11903120514098396,60.11620931301213,Ce
0.06500145425785148,79.63255254934427,Ce
0.05689962321952048,73.87280506419738,Ce
0.05376249674605657,64.37612551828369,Ce
0.03191522083667324,54.823938453374424,Ce
0.07777126825710573,58.32628544603092,Ce
0.10566615328793788,65.79892533389244,Ce
0.07198493757339444,74.17573630072637,Ce
0.10350476640319624,69.14367666544457,Ce
0.11934347031871777,84.58377987675502,Ce
0.04284379095246511,27.04182047261218,Ce
0.07684640217133809,70.20038310934844,Ce
0.08967225854273767,87.8366322842072,Ce
0.08918773859981398,37.76601580443148,Ce
0.0643681605175201,59.91585001372352,Ce
0.04569949569097267,59.11796017994816,Ce
0.05846594675279855,61.12857199736872,Ce
0.11572981736244878,64.58622641179389,Ce
