subject,regressor,beta_file,signature,method,score
RDC102,Amb_vs_Risk,cue_Amb_vs_Risk_c0.nii.gz,Ceko_NE,dot_raw,-0.004872787
RDC102,Amb_vs_Risk,cue_Amb_vs_Risk_c0.nii.gz,LiuBecker_Amb,dot_raw,-0.305072495
RDC104,Amb_vs_Risk,cue_Amb_vs_Risk_c0.nii.gz,Ceko_NE,dot_raw,0.055740679
RDC104,Amb_vs_Risk,cue_Amb_vs_Risk_c0.nii.gz,LiuBecker_Amb,dot_raw,0.125821502
RDC105,Amb_vs_Risk,cue_Amb_vs_Risk_c0.nii.gz,Ceko_NE,dot_raw,-0.081047243
RDC105,Amb_vs_Risk,cue_Amb_vs_Risk_c0.nii.gz,LiuBecker_Amb,dot_raw,-0.208925117
RDC106,Amb_vs_Risk,cue_Amb_vs_Risk_c0.nii.gz,Ceko_NE,dot_raw,0.083226792
RDC106,Amb_vs_Risk,cue_Amb_vs_Risk_c0.nii.gz,LiuBecker_Amb,dot_raw,0.387581595
RDC107,Amb_vs_Risk,cue_Amb_vs_Risk_c0.nii.gz,Ceko_NE,dot_raw,0.120455331
RDC107,Amb_vs_Risk,cue_Amb_vs_Risk_c0.nii.gz,LiuBecker_Amb,dot_raw,-0.154379176
RDC109,Amb_vs_Risk,cue_Amb_vs_Risk_c0.nii.gz,Ceko_NE,dot_raw,0.050786467
RDC109,Amb_vs_Risk,cue_Amb_vs_Risk_c0.nii.gz,LiuBecker_Amb,dot_raw,-0.230677873
RDC110,Amb_vs_Risk,cue_Amb_vs_Risk_c0.nii.gz,Ceko_NE,dot_raw,0.112003686
RDC110,Amb_vs_Risk,cue_Amb_vs_Risk_c0.nii.gz,LiuBecker_Amb,dot_raw,0.050160714
RDC111,Amb_vs_Risk,cue_Amb_vs_Risk_c0.nii.gz,Ceko_NE,dot_raw,-0.06248507
RDC111,Amb_vs_Risk,cue_Amb_vs_Risk_c0.nii.gz,LiuBecker_Amb,dot_raw,-0.087149527
RDC113,Amb_vs_Risk,cue_Amb_vs_Risk_c0.nii.gz,Ceko_NE,dot_raw,0.074217538
RDC113,Amb_vs_Risk,cue_Amb_vs_Risk_c0.nii.gz,LiuBecker_Amb,dot_raw,-0.108841917
RDC116,Amb_vs_Risk,cue_Amb_vs_Risk_c0.nii.gz,Ceko_NE,dot_raw,-0.066272856
RDC116,Amb_vs_Risk,cue_Amb_vs_Risk_c0.nii.gz,LiuBecker_Amb,dot_raw,-0.415819429
RDC117,Amb_vs_Risk,cue_Amb_vs_Risk_c0.nii.gz,Ceko_NE,dot_raw,0.07460431
RDC117,Amb_vs_Risk,cue_Amb_vs_Risk_c0.nii.gz,LiuBecker_Amb,dot_raw,-0.276692842
RDC120,Amb_vs_Risk,cue_Amb_vs_Risk_c0.nii.gz,Ceko_NE,dot_raw,-0.004848193
RDC120,Amb_vs_Risk,cue_Amb_vs_Risk_c0.nii.gz,LiuBecker_Amb,dot_raw,-0.695554354
RDC125,Amb_vs_Risk,cue_Amb_vs_Risk_c0.nii.gz,Ceko_NE,dot_raw,0.029093137
RDC125,Amb_vs_Risk,cue_Amb_vs_Risk_c0.nii.gz,LiuBecker_Amb,dot_raw,0.069865889
RDC126,Amb_vs_Risk,cue_Amb_vs_Risk_c0.nii.gz,Ceko_NE,dot_raw,0.057783526
RDC126,Amb_vs_Risk,cue_Amb_vs_Risk_c0.nii.gz,LiuBecker_Amb,dot_raw,-0.26803195
RDC127,Amb_vs_Risk,cue_Amb_vs_Risk_c0.nii.gz,Ceko_NE,dot_raw,0.057350918
RDC127,Amb_vs_Risk,cue_Amb_vs_Risk_c0.nii.gz,LiuBecker_Amb,dot_raw,0.150790159
RDC128,Amb_vs_Risk,cue_Amb_vs_Risk_c0.nii.gz,Ceko_NE,dot_raw,-0.039246161
RDC128,Amb_vs_Risk,cue_Amb_vs_Risk_c0.nii.gz,LiuBecker_Amb,dot_raw,-0.17353458
RDC129,Amb_vs_Risk,cue_Amb_vs_Risk_c0.nii.gz,Ceko_NE,dot_raw,-0.035579309
RDC129,Amb_vs_Risk,cue_Amb_vs_Risk_c0.nii.gz,LiuBecker_Amb,dot_raw,-0.974354889
RDC130,Amb_vs_Risk,cue_Amb_vs_Risk_c0.nii.gz,Ceko_NE,dot_raw,-0.104713023
RDC130,Amb_vs_Risk,cue_Amb_vs_Risk_c0.nii.gz,LiuBecker_Amb,dot_raw,-1.036862888
RDC131,Amb_vs_Risk,cue_Amb_vs_Risk_c0.nii.gz,Ceko_NE,dot_raw,0.061197664
RDC131,Amb_vs_Risk,cue_Amb_vs_Risk_c0.nii.gz,LiuBecker_Amb,dot_raw,-0.306474095
RDC132,Amb_vs_Risk,cue_Amb_vs_Risk_c0.nii.gz,Ceko_NE,dot_raw,-0.228234601
RDC132,Amb_vs_Risk,cue_Amb_vs_Risk_c0.nii.gz,LiuBecker_Amb,dot_raw,-0.785856403
RDC133,Amb_vs_Risk,cue_Amb_vs_Risk_c0.nii.gz,Ceko_NE,dot_raw,-0.047545613
RDC133,Amb_vs_Risk,cue_Amb_vs_Risk_c0.nii.gz,LiuBecker_Amb,dot_raw,0.255663634
RDC134,Amb_vs_Risk,cue_Amb_vs_Risk_c0.nii.gz,Ceko_NE,dot_raw,0.002531701
RDC134,Amb_vs_Risk,cue_Amb_vs_Risk_c0.nii.gz,LiuBecker_Amb,dot_raw,-0.625164174
RDC136,Amb_vs_Risk,cue_Amb_vs_Risk_c0.nii.gz,Ceko_NE,dot_raw,0.051846616
RDC136,Amb_vs_Risk,cue_Amb_vs_Risk_c0.nii.gz,LiuBecker_Amb,dot_raw,-0.03103892
RDC137,Amb_vs_Risk,cue_Amb_vs_Risk_c0.nii.gz,Ceko_NE,dot_raw,0.093238406
RDC137,Amb_vs_Risk,cue_Amb_vs_Risk_c0.nii.gz,LiuBecker_Amb,dot_raw,-0.549456227
RDC138,Amb_vs_Risk,cue_Amb_vs_Risk_c0.nii.gz,Ceko_NE,dot_raw,-0.014458985
RDC138,Amb_vs_Risk,cue_Amb_vs_Risk_c0.nii.gz,LiuBecker_Amb,dot_raw,-0.180345663
RDC139,Amb_vs_Risk,cue_Amb_vs_Risk_c0.nii.gz,Ceko_NE,dot_raw,0.124655524
RDC139,Amb_vs_Risk,cue_Amb_vs_Risk_c0.nii.gz,LiuBecker_Amb,dot_raw,-0.260455849
RDC141,Amb_vs_Risk,cue_Amb_vs_Risk_c0.nii.gz,Ceko_NE,dot_raw,0.046612397
RDC141,Amb_vs_Risk,cue_Amb_vs_Risk_c0.nii.gz,LiuBecker_Amb,dot_raw,-0.509809231
RDC143,Amb_vs_Risk,cue_Amb_vs_Risk_c0.nii.gz,Ceko_NE,dot_raw,-0.04240311
RDC143,Amb_vs_Risk,cue_Amb_vs_Risk_c0.nii.gz,LiuBecker_Amb,dot_raw,-0.352662424
RDC144,Amb_vs_Risk,cue_Amb_vs_Risk_c0.nii.gz,Ceko_NE,dot_raw,-0.065569039
RDC144,Amb_vs_Risk,cue_Amb_vs_Risk_c0.nii.gz,LiuBecker_Amb,dot_raw,-0.96663061
RDC145,Amb_vs_Risk,cue_Amb_vs_Risk_c0.nii.gz,Ceko_NE,dot_raw,-0.041589101
RDC145,Amb_vs_Risk,cue_Amb_vs_Risk_c0.nii.gz,LiuBecker_Amb,dot_raw,0.646084432
RDC146,Amb_vs_Risk,cue_Amb_vs_Risk_c0.nii.gz,Ceko_NE,dot_raw,-0.017264443
RDC146,Amb_vs_Risk,cue_Amb_vs_Risk_c0.nii.gz,LiuBecker_Amb,dot_raw,-0.134021349
RDC147,Amb_vs_Risk,cue_Amb_vs_Risk_c0.nii.gz,Ceko_NE,dot_raw,-0.044880423
RDC147,Amb_vs_Risk,cue_Amb_vs_Risk_c0.nii.gz,LiuBecker_Amb,dot_raw,-0.267527519
RDC152,Amb_vs_Risk,cue_Amb_vs_Risk_c0.nii.gz,Ceko_NE,dot_raw,0.112045775
RDC152,Amb_vs_Risk,cue_Amb_vs_Risk_c0.nii.gz,LiuBecker_Amb,dot_raw,0.144392194
RDC153,Amb_vs_Risk,cue_Amb_vs_Risk_c0.nii.gz,Ceko_NE,dot_raw,0.168706944
RDC153,Amb_vs_Risk,cue_Amb_vs_Risk_c0.nii.gz,LiuBecker_Amb,dot_raw,-0.390787128
RDC154,Amb_vs_Risk,cue_Amb_vs_Risk_c0.nii.gz,Ceko_NE,dot_raw,0.00151842
RDC154,Amb_vs_Risk,cue_Amb_vs_Risk_c0.nii.gz,LiuBecker_Amb,dot_raw,-0.303256772
RDC156,Amb_vs_Risk,cue_Amb_vs_Risk_c0.nii.gz,Ceko_NE,dot_raw,-0.017358841
RDC156,Amb_vs_Risk,cue_Amb_vs_Risk_c0.nii.gz,LiuBecker_Amb,dot_raw,0.595874394
RDC157,Amb_vs_Risk,cue_Amb_vs_Risk_c0.nii.gz,Ceko_NE,dot_raw,-0.085454023
RDC157,Amb_vs_Risk,cue_Amb_vs_Risk_c0.nii.gz,LiuBecker_Amb,dot_raw,-0.877313666
RDC159,Amb_vs_Risk,cue_Amb_vs_Risk_c0.nii.gz,Ceko_NE,dot_raw,-0.050800014
RDC159,Amb_vs_Risk,cue_Amb_vs_Risk_c0.nii.gz,LiuBecker_Amb,dot_raw,0.645769707
RDC161,Amb_vs_Risk,cue_Amb_vs_Risk_c0.nii.gz,Ceko_NE,dot_raw,0.085266698
RDC161,Amb_vs_Risk,cue_Amb_vs_Risk_c0.nii.gz,LiuBecker_Amb,dot_raw,-0.467688786
RDC164,Amb_vs_Risk,cue_Amb_vs_Risk_c0.nii.gz,Ceko_NE,dot_raw,0.065542264
RDC164,Amb_vs_Risk,cue_Amb_vs_Risk_c0.nii.gz,LiuBecker_Amb,dot_raw,-0.308840194
RDC165,Amb_vs_Risk,cue_Amb_vs_Risk_c0.nii.gz,Ceko_NE,dot_raw,0.184346698
RDC165,Amb_vs_Risk,cue_Amb_vs_Risk_c0.nii.gz,LiuBecker_Amb,dot_raw,-0.204539635
RDC167,Amb_vs_Risk,cue_Amb_vs_Risk_c0.nii.gz,Ceko_NE,dot_raw,-0.168128886
RDC167,Amb_vs_Risk,cue_Amb_vs_Risk_c0.nii.gz,LiuBecker_Amb,dot_raw,-0.354026404
RDC171,Amb_vs_Risk,cue_Amb_vs_Risk_c0.nii.gz,Ceko_NE,dot_raw,0.107390776
RDC171,Amb_vs_Risk,cue_Amb_vs_Risk_c0.nii.gz,LiuBecker_Amb,dot_raw,-0.509393696
RDC172,Amb_vs_Risk,cue_Amb_vs_Risk_c0.nii.gz,Ceko_NE,dot_raw,0.164401703
RDC172,Amb_vs_Risk,cue_Amb_vs_Risk_c0.nii.gz,LiuBecker_Amb,dot_raw,0.591926073
RDC174,Amb_vs_Risk,cue_Amb_vs_Risk_c0.nii.gz,Ceko_NE,dot_raw,0.047873656
RDC174,Amb_vs_Risk,cue_Amb_vs_Risk_c0.nii.gz,LiuBecker_Amb,dot_raw,-0.806441839
RDC175,Amb_vs_Risk,cue_Amb_vs_Risk_c0.nii.gz,Ceko_NE,dot_raw,0.026672142
RDC175,Amb_vs_Risk,cue_Amb_vs_Risk_c0.nii.gz,LiuBecker_Amb,dot_raw,-0.138328243
RDC176,Amb_vs_Risk,cue_Amb_vs_Risk_c0.nii.gz,Ceko_NE,dot_raw,-0.0275523
RDC176,Amb_vs_Risk,cue_Amb_vs_Risk_c0.nii.gz,LiuBecker_Amb,dot_raw,-1.017617695
RDC177,Amb_vs_Risk,cue_Amb_vs_Risk_c0.nii.gz,Ceko_NE,dot_raw,0.036548658
RDC177,Amb_vs_Risk,cue_Amb_vs_Risk_c0.nii.gz,LiuBecker_Amb,dot_raw,0.169586275
RDC178,Amb_vs_Risk,cue_Amb_vs_Risk_c0.nii.gz,Ceko_NE,dot_raw,0.037054473
RDC178,Amb_vs_Risk,cue_Amb_vs_Risk_c0.nii.gz,LiuBecker_Amb,dot_raw,-0.091442069
RDC180,Amb_vs_Risk,cue_Amb_vs_Risk_c0.nii.gz,Ceko_NE,dot_raw,-0.00944975
RDC180,Amb_vs_Risk,cue_Amb_vs_Risk_c0.nii.gz,LiuBecker_Amb,dot_raw,-0.062865175
RDC183,Amb_vs_Risk,cue_Amb_vs_Risk_c0.nii.gz,Ceko_NE,dot_raw,-0.01869731
RDC183,Amb_vs_Risk,cue_Amb_vs_Risk_c0.nii.gz,LiuBecker_Amb,dot_raw,-0.829747998
RDC184,Amb_vs_Risk,cue_Amb_vs_Risk_c0.nii.gz,Ceko_NE,dot_raw,0.055357271
RDC184,Amb_vs_Risk,cue_Amb_vs_Risk_c0.nii.gz,LiuBecker_Amb,dot_raw,-0.089926642
RDC186,Amb_vs_Risk,cue_Amb_vs_Risk_c0.nii.gz,Ceko_NE,dot_raw,0.038823138
RDC186,Amb_vs_Risk,cue_Amb_vs_Risk_c0.nii.gz,LiuBecker_Amb,dot_raw,-0.20006062
RDC189,Amb_vs_Risk,cue_Amb_vs_Risk_c0.nii.gz,Ceko_NE,dot_raw,0.051382304
RDC189,Amb_vs_Risk,cue_Amb_vs_Risk_c0.nii.gz,LiuBecker_Amb,dot_raw,-0.263092623
RDC190,Amb_vs_Risk,cue_Amb_vs_Risk_c0.nii.gz,Ceko_NE,dot_raw,-0.120637866
RDC190,Amb_vs_Risk,cue_Amb_vs_Risk_c0.nii.gz,LiuBecker_Amb,dot_raw,-0.168252461
RDC192,Amb_vs_Risk,cue_Amb_vs_Risk_c0.nii.gz,Ceko_NE,dot_raw,-0.104804928
RDC192,Amb_vs_Risk,cue_Amb_vs_Risk_c0.nii.gz,LiuBecker_Amb,dot_raw,-0.228397061
RDC193,Amb_vs_Risk,cue_Amb_vs_Risk_c0.nii.gz,Ceko_NE,dot_raw,0.065091775
RDC193,Amb_vs_Risk,cue_Amb_vs_Risk_c0.nii.gz,LiuBecker_Amb,dot_raw,0.09033361
RDC195,Amb_vs_Risk,cue_Amb_vs_Risk_c0.nii.gz,Ceko_NE,dot_raw,-0.074806543
RDC195,Amb_vs_Risk,cue_Amb_vs_Risk_c0.nii.gz,LiuBecker_Amb,dot_raw,-0.364955582
RDC196,Amb_vs_Risk,cue_Amb_vs_Risk_c0.nii.gz,Ceko_NE,dot_raw,-0.041758781
RDC196,Amb_vs_Risk,cue_Amb_vs_Risk_c0.nii.gz,LiuBecker_Amb,dot_raw,-0.361830862
RDC198,Amb_vs_Risk,cue_Amb_vs_Risk_c0.nii.gz,Ceko_NE,dot_raw,0.001722725
RDC198,Amb_vs_Risk,cue_Amb_vs_Risk_c0.nii.gz,LiuBecker_Amb,dot_raw,0.114126052
RDC200,Amb_vs_Risk,cue_Amb_vs_Risk_c0.nii.gz,Ceko_NE,dot_raw,-0.000135294
RDC200,Amb_vs_Risk,cue_Amb_vs_Risk_c0.nii.gz,LiuBecker_Amb,dot_raw,0.100520335
RDC202,Amb_vs_Risk,cue_Amb_vs_Risk_c0.nii.gz,Ceko_NE,dot_raw,0.057187101
RDC202,Amb_vs_Risk,cue_Amb_vs_Risk_c0.nii.gz,LiuBecker_Amb,dot_raw,-0.202086502
RDC203,Amb_vs_Risk,cue_Amb_vs_Risk_c0.nii.gz,Ceko_NE,dot_raw,0.026221
RDC203,Amb_vs_Risk,cue_Amb_vs_Risk_c0.nii.gz,LiuBecker_Amb,dot_raw,0.177935123
RDC204,Amb_vs_Risk,cue_Amb_vs_Risk_c0.nii.gz,Ceko_NE,dot_raw,-0.030610955
RDC204,Amb_vs_Risk,cue_Amb_vs_Risk_c0.nii.gz,LiuBecker_Amb,dot_raw,-0.433455781
RDC207,Amb_vs_Risk,cue_Amb_vs_Risk_c0.nii.gz,Ceko_NE,dot_raw,-0.018947026
RDC207,Amb_vs_Risk,cue_Amb_vs_Risk_c0.nii.gz,LiuBecker_Amb,dot_raw,-0.418614681
RDC208,Amb_vs_Risk,cue_Amb_vs_Risk_c0.nii.gz,Ceko_NE,dot_raw,-0.15998415
RDC208,Amb_vs_Risk,cue_Amb_vs_Risk_c0.nii.gz,LiuBecker_Amb,dot_raw,-0.941115402
RDC209,Amb_vs_Risk,cue_Amb_vs_Risk_c0.nii.gz,Ceko_NE,dot_raw,0.014094916
RDC209,Amb_vs_Risk,cue_Amb_vs_Risk_c0.nii.gz,LiuBecker_Amb,dot_raw,-0.015279143
RDC210,Amb_vs_Risk,cue_Amb_vs_Risk_c0.nii.gz,Ceko_NE,dot_raw,0.016811897
RDC210,Amb_vs_Risk,cue_Amb_vs_Risk_c0.nii.gz,LiuBecker_Amb,dot_raw,0.30786098
RDC211,Amb_vs_Risk,cue_Amb_vs_Risk_c0.nii.gz,Ceko_NE,dot_raw,-0.015280899
RDC211,Amb_vs_Risk,cue_Amb_vs_Risk_c0.nii.gz,LiuBecker_Amb,dot_raw,-0.513070316
RDC212,Amb_vs_Risk,cue_Amb_vs_Risk_c0.nii.gz,Ceko_NE,dot_raw,0.103905815
RDC212,Amb_vs_Risk,cue_Amb_vs_Risk_c0.nii.gz,LiuBecker_Amb,dot_raw,-0.048114917
RDC213,Amb_vs_Risk,cue_Amb_vs_Risk_c0.nii.gz,Ceko_NE,dot_raw,0.001433001
RDC213,Amb_vs_Risk,cue_Amb_vs_Risk_c0.nii.gz,LiuBecker_Amb,dot_raw,-0.089506509
RDC214,Amb_vs_Risk,cue_Amb_vs_Risk_c0.nii.gz,Ceko_NE,dot_raw,-0.151281152
RDC214,Amb_vs_Risk,cue_Amb_vs_Risk_c0.nii.gz,LiuBecker_Amb,dot_raw,-0.193066722
RDC216,Amb_vs_Risk,cue_Amb_vs_Risk_c0.nii.gz,Ceko_NE,dot_raw,-0.101530258
RDC216,Amb_vs_Risk,cue_Amb_vs_Risk_c0.nii.gz,LiuBecker_Amb,dot_raw,-0.195583036
RDC217,Amb_vs_Risk,cue_Amb_vs_Risk_c0.nii.gz,Ceko_NE,dot_raw,-0.028128718
RDC217,Amb_vs_Risk,cue_Amb_vs_Risk_c0.nii.gz,LiuBecker_Amb,dot_raw,-0.325634057
RDC220,Amb_vs_Risk,cue_Amb_vs_Risk_c0.nii.gz,Ceko_NE,dot_raw,0.163921243
RDC220,Amb_vs_Risk,cue_Amb_vs_Risk_c0.nii.gz,LiuBecker_Amb,dot_raw,-0.537734957
RDC221,Amb_vs_Risk,cue_Amb_vs_Risk_c0.nii.gz,Ceko_NE,dot_raw,0.063143134
RDC221,Amb_vs_Risk,cue_Amb_vs_Risk_c0.nii.gz,LiuBecker_Amb,dot_raw,-0.532520232
RDC222,Amb_vs_Risk,cue_Amb_vs_Risk_c0.nii.gz,Ceko_NE,dot_raw,-0.142798142
RDC222,Amb_vs_Risk,cue_Amb_vs_Risk_c0.nii.gz,LiuBecker_Amb,dot_raw,-0.072343331
RDC225,Amb_vs_Risk,cue_Amb_vs_Risk_c0.nii.gz,Ceko_NE,dot_raw,0.016554437
RDC225,Amb_vs_Risk,cue_Amb_vs_Risk_c0.nii.gz,LiuBecker_Amb,dot_raw,-0.247981022
RDC226,Amb_vs_Risk,cue_Amb_vs_Risk_c0.nii.gz,Ceko_NE,dot_raw,-0.022386482
RDC226,Amb_vs_Risk,cue_Amb_vs_Risk_c0.nii.gz,LiuBecker_Amb,dot_raw,-0.088833822
RDC227,Amb_vs_Risk,cue_Amb_vs_Risk_c0.nii.gz,Ceko_NE,dot_raw,-0.055031834
RDC227,Amb_vs_Risk,cue_Amb_vs_Risk_c0.nii.gz,LiuBecker_Amb,dot_raw,0.714089499
RDC228,Amb_vs_Risk,cue_Amb_vs_Risk_c0.nii.gz,Ceko_NE,dot_raw,0.074005264
RDC228,Amb_vs_Risk,cue_Amb_vs_Risk_c0.nii.gz,LiuBecker_Amb,dot_raw,-1.25037353
RDC229,Amb_vs_Risk,cue_Amb_vs_Risk_c0.nii.gz,Ceko_NE,dot_raw,-0.04343035
RDC229,Amb_vs_Risk,cue_Amb_vs_Risk_c0.nii.gz,LiuBecker_Amb,dot_raw,-0.409877062
RDC230,Amb_vs_Risk,cue_Amb_vs_Risk_c0.nii.gz,Ceko_NE,dot_raw,-0.111711943
RDC230,Amb_vs_Risk,cue_Amb_vs_Risk_c0.nii.gz,LiuBecker_Amb,dot_raw,-0.411763607
RDC231,Amb_vs_Risk,cue_Amb_vs_Risk_c0.nii.gz,Ceko_NE,dot_raw,-0.025424979
RDC231,Amb_vs_Risk,cue_Amb_vs_Risk_c0.nii.gz,LiuBecker_Amb,dot_raw,-0.043350935
RDC232,Amb_vs_Risk,cue_Amb_vs_Risk_c0.nii.gz,Ceko_NE,dot_raw,0.042608456
RDC232,Amb_vs_Risk,cue_Amb_vs_Risk_c0.nii.gz,LiuBecker_Amb,dot_raw,-0.102995407
RDC233,Amb_vs_Risk,cue_Amb_vs_Risk_c0.nii.gz,Ceko_NE,dot_raw,-0.064494124
RDC233,Amb_vs_Risk,cue_Amb_vs_Risk_c0.nii.gz,LiuBecker_Amb,dot_raw,-0.17557982
RDC234,Amb_vs_Risk,cue_Amb_vs_Risk_c0.nii.gz,Ceko_NE,dot_raw,0.051860283
RDC234,Amb_vs_Risk,cue_Amb_vs_Risk_c0.nii.gz,LiuBecker_Amb,dot_raw,-0.230602766
RDC235,Amb_vs_Risk,cue_Amb_vs_Risk_c0.nii.gz,Ceko_NE,dot_raw,-0.034919955
RDC235,Amb_vs_Risk,cue_Amb_vs_Risk_c0.nii.gz,LiuBecker_Amb,dot_raw,-0.307915785
RDC236,Amb_vs_Risk,cue_Amb_vs_Risk_c0.nii.gz,Ceko_NE,dot_raw,-0.136606608
RDC236,Amb_vs_Risk,cue_Amb_vs_Risk_c0.nii.gz,LiuBecker_Amb,dot_raw,-0.339588102
RDC237,Amb_vs_Risk,cue_Amb_vs_Risk_c0.nii.gz,Ceko_NE,dot_raw,-0.003085947
RDC237,Amb_vs_Risk,cue_Amb_vs_Risk_c0.nii.gz,LiuBecker_Amb,dot_raw,-0.92730236
RDC238,Amb_vs_Risk,cue_Amb_vs_Risk_c0.nii.gz,Ceko_NE,dot_raw,-0.093653713
RDC238,Amb_vs_Risk,cue_Amb_vs_Risk_c0.nii.gz,LiuBecker_Amb,dot_raw,-1.203401026
RDC243,Amb_vs_Risk,cue_Amb_vs_Risk_c0.nii.gz,Ceko_NE,dot_raw,-0.103091108
RDC243,Amb_vs_Risk,cue_Amb_vs_Risk_c0.nii.gz,LiuBecker_Amb,dot_raw,-0.42433566
RDC244,Amb_vs_Risk,cue_Amb_vs_Risk_c0.nii.gz,Ceko_NE,dot_raw,-0.034612348
RDC244,Amb_vs_Risk,cue_Amb_vs_Risk_c0.nii.gz,LiuBecker_Amb,dot_raw,-0.057392378
RDC246,Amb_vs_Risk,cue_Amb_vs_Risk_c0.nii.gz,Ceko_NE,dot_raw,-0.026107883
RDC246,Amb_vs_Risk,cue_Amb_vs_Risk_c0.nii.gz,LiuBecker_Amb,dot_raw,-0.498395576
RDC247,Amb_vs_Risk,cue_Amb_vs_Risk_c0.nii.gz,Ceko_NE,dot_raw,0.024875407
RDC247,Amb_vs_Risk,cue_Amb_vs_Risk_c0.nii.gz,LiuBecker_Amb,dot_raw,-0.322182389
RDC248,Amb_vs_Risk,cue_Amb_vs_Risk_c0.nii.gz,Ceko_NE,dot_raw,0.029924989
RDC248,Amb_vs_Risk,cue_Amb_vs_Risk_c0.nii.gz,LiuBecker_Amb,dot_raw,-0.686113956
RDC249,Amb_vs_Risk,cue_Amb_vs_Risk_c0.nii.gz,Ceko_NE,dot_raw,0.06417054
RDC249,Amb_vs_Risk,cue_Amb_vs_Risk_c0.nii.gz,LiuBecker_Amb,dot_raw,-0.005200295
RDC250,Amb_vs_Risk,cue_Amb_vs_Risk_c0.nii.gz,Ceko_NE,dot_raw,-0.0607707
RDC250,Amb_vs_Risk,cue_Amb_vs_Risk_c0.nii.gz,LiuBecker_Amb,dot_raw,0.352100261
RDC259,Amb_vs_Risk,cue_Amb_vs_Risk_c0.nii.gz,Ceko_NE,dot_raw,0.022263678
RDC259,Amb_vs_Risk,cue_Amb_vs_Risk_c0.nii.gz,LiuBecker_Amb,dot_raw,0.046097089
RDC261,Amb_vs_Risk,cue_Amb_vs_Risk_c0.nii.gz,Ceko_NE,dot_raw,-0.112647759
RDC261,Amb_vs_Risk,cue_Amb_vs_Risk_c0.nii.gz,LiuBecker_Amb,dot_raw,-0.001121117
RDC263,Amb_vs_Risk,cue_Amb_vs_Risk_c0.nii.gz,Ceko_NE,dot_raw,-0.064368545
RDC263,Amb_vs_Risk,cue_Amb_vs_Risk_c0.nii.gz,LiuBecker_Amb,dot_raw,-0.241772211
RDC102,CertainThreat_vs_CertainSafe,cue_CertainThreat_vs_CertainSafe_c0.nii.gz,Ceko_NE,dot_raw,0.203687
RDC102,CertainThreat_vs_CertainSafe,cue_CertainThreat_vs_CertainSafe_c0.nii.gz,LiuBecker_Amb,dot_raw,2.098191812
RDC104,CertainThreat_vs_CertainSafe,cue_CertainThreat_vs_CertainSafe_c0.nii.gz,Ceko_NE,dot_raw,0.402532144
RDC104,CertainThreat_vs_CertainSafe,cue_CertainThreat_vs_CertainSafe_c0.nii.gz,LiuBecker_Amb,dot_raw,2.035154501
RDC105,CertainThreat_vs_CertainSafe,cue_CertainThreat_vs_CertainSafe_c0.nii.gz,Ceko_NE,dot_raw,-0.025988724
RDC105,CertainThreat_vs_CertainSafe,cue_CertainThreat_vs_CertainSafe_c0.nii.gz,LiuBecker_Amb,dot_raw,1.337695016
RDC106,CertainThreat_vs_CertainSafe,cue_CertainThreat_vs_CertainSafe_c0.nii.gz,Ceko_NE,dot_raw,0.374778001
RDC106,CertainThreat_vs_CertainSafe,cue_CertainThreat_vs_CertainSafe_c0.nii.gz,LiuBecker_Amb,dot_raw,1.400410119
RDC107,CertainThreat_vs_CertainSafe,cue_CertainThreat_vs_CertainSafe_c0.nii.gz,Ceko_NE,dot_raw,0.122008268
RDC107,CertainThreat_vs_CertainSafe,cue_CertainThreat_vs_CertainSafe_c0.nii.gz,LiuBecker_Amb,dot_raw,0.104840145
RDC109,CertainThreat_vs_CertainSafe,cue_CertainThreat_vs_CertainSafe_c0.nii.gz,Ceko_NE,dot_raw,0.162920366
RDC109,CertainThreat_vs_CertainSafe,cue_CertainThreat_vs_CertainSafe_c0.nii.gz,LiuBecker_Amb,dot_raw,0.702060219
RDC110,CertainThreat_vs_CertainSafe,cue_CertainThreat_vs_CertainSafe_c0.nii.gz,Ceko_NE,dot_raw,0.059210577
RDC110,CertainThreat_vs_CertainSafe,cue_CertainThreat_vs_CertainSafe_c0.nii.gz,LiuBecker_Amb,dot_raw,1.320284752
RDC111,CertainThreat_vs_CertainSafe,cue_CertainThreat_vs_CertainSafe_c0.nii.gz,Ceko_NE,dot_raw,0.242364601
RDC111,CertainThreat_vs_CertainSafe,cue_CertainThreat_vs_CertainSafe_c0.nii.gz,LiuBecker_Amb,dot_raw,1.454618356
RDC113,CertainThreat_vs_CertainSafe,cue_CertainThreat_vs_CertainSafe_c0.nii.gz,Ceko_NE,dot_raw,0.424772414
RDC113,CertainThreat_vs_CertainSafe,cue_CertainThreat_vs_CertainSafe_c0.nii.gz,LiuBecker_Amb,dot_raw,1.736380749
RDC116,CertainThreat_vs_CertainSafe,cue_CertainThreat_vs_CertainSafe_c0.nii.gz,Ceko_NE,dot_raw,0.248878502
RDC116,CertainThreat_vs_CertainSafe,cue_CertainThreat_vs_CertainSafe_c0.nii.gz,LiuBecker_Amb,dot_raw,1.034378188
RDC117,CertainThreat_vs_CertainSafe,cue_CertainThreat_vs_CertainSafe_c0.nii.gz,Ceko_NE,dot_raw,0.22991258
RDC117,CertainThreat_vs_CertainSafe,cue_CertainThreat_vs_CertainSafe_c0.nii.gz,LiuBecker_Amb,dot_raw,1.466699885
RDC120,CertainThreat_vs_CertainSafe,cue_CertainThreat_vs_CertainSafe_c0.nii.gz,Ceko_NE,dot_raw,0.231335722
RDC120,CertainThreat_vs_CertainSafe,cue_CertainThreat_vs_CertainSafe_c0.nii.gz,LiuBecker_Amb,dot_raw,1.222939203
RDC125,CertainThreat_vs_CertainSafe,cue_CertainThreat_vs_CertainSafe_c0.nii.gz,Ceko_NE,dot_raw,0.254479258
RDC125,CertainThreat_vs_CertainSafe,cue_CertainThreat_vs_CertainSafe_c0.nii.gz,LiuBecker_Amb,dot_raw,3.09603158
RDC126,CertainThreat_vs_CertainSafe,cue_CertainThreat_vs_CertainSafe_c0.nii.gz,Ceko_NE,dot_raw,0.034644589
RDC126,CertainThreat_vs_CertainSafe,cue_CertainThreat_vs_CertainSafe_c0.nii.gz,LiuBecker_Amb,dot_raw,1.189248824
RDC127,CertainThreat_vs_CertainSafe,cue_CertainThreat_vs_CertainSafe_c0.nii.gz,Ceko_NE,dot_raw,0.053047899
RDC127,CertainThreat_vs_CertainSafe,cue_CertainThreat_vs_CertainSafe_c0.nii.gz,LiuBecker_Amb,dot_raw,0.742481631
RDC128,CertainThreat_vs_CertainSafe,cue_CertainThreat_vs_CertainSafe_c0.nii.gz,Ceko_NE,dot_raw,-0.125741436
RDC128,CertainThreat_vs_CertainSafe,cue_CertainThreat_vs_CertainSafe_c0.nii.gz,LiuBecker_Amb,dot_raw,2.052834226
RDC129,CertainThreat_vs_CertainSafe,cue_CertainThreat_vs_CertainSafe_c0.nii.gz,Ceko_NE,dot_raw,0.183528342
RDC129,CertainThreat_vs_CertainSafe,cue_CertainThreat_vs_CertainSafe_c0.nii.gz,LiuBecker_Amb,dot_raw,0.401317849
RDC130,CertainThreat_vs_CertainSafe,cue_CertainThreat_vs_CertainSafe_c0.nii.gz,Ceko_NE,dot_raw,0.434099539
RDC130,CertainThreat_vs_CertainSafe,cue_CertainThreat_vs_CertainSafe_c0.nii.gz,LiuBecker_Amb,dot_raw,1.392368517
RDC131,CertainThreat_vs_CertainSafe,cue_CertainThreat_vs_CertainSafe_c0.nii.gz,Ceko_NE,dot_raw,0.432310561
RDC131,CertainThreat_vs_CertainSafe,cue_CertainThreat_vs_CertainSafe_c0.nii.gz,LiuBecker_Amb,dot_raw,1.478646553
RDC132,CertainThreat_vs_CertainSafe,cue_CertainThreat_vs_CertainSafe_c0.nii.gz,Ceko_NE,dot_raw,0.107157399
RDC132,CertainThreat_vs_CertainSafe,cue_CertainThreat_vs_CertainSafe_c0.nii.gz,LiuBecker_Amb,dot_raw,0.619589876
RDC133,CertainThreat_vs_CertainSafe,cue_CertainThreat_vs_CertainSafe_c0.nii.gz,Ceko_NE,dot_raw,0.224105853
RDC133,CertainThreat_vs_CertainSafe,cue_CertainThreat_vs_CertainSafe_c0.nii.gz,LiuBecker_Amb,dot_raw,2.639674183
RDC134,CertainThreat_vs_CertainSafe,cue_CertainThreat_vs_CertainSafe_c0.nii.gz,Ceko_NE,dot_raw,0.294086485
RDC134,CertainThreat_vs_CertainSafe,cue_CertainThreat_vs_CertainSafe_c0.nii.gz,LiuBecker_Amb,dot_raw,1.40535163
RDC136,CertainThreat_vs_CertainSafe,cue_CertainThreat_vs_CertainSafe_c0.nii.gz,Ceko_NE,dot_raw,0.411914399
RDC136,CertainThreat_vs_CertainSafe,cue_CertainThreat_vs_CertainSafe_c0.nii.gz,LiuBecker_Amb,dot_raw,1.462407168
RDC137,CertainThreat_vs_CertainSafe,cue_CertainThreat_vs_CertainSafe_c0.nii.gz,Ceko_NE,dot_raw,0.137926425
RDC137,CertainThreat_vs_CertainSafe,cue_CertainThreat_vs_CertainSafe_c0.nii.gz,LiuBecker_Amb,dot_raw,1.084244101
RDC138,CertainThreat_vs_CertainSafe,cue_CertainThreat_vs_CertainSafe_c0.nii.gz,Ceko_NE,dot_raw,0.232328308
RDC138,CertainThreat_vs_CertainSafe,cue_CertainThreat_vs_CertainSafe_c0.nii.gz,LiuBecker_Amb,dot_raw,2.252078747
RDC139,CertainThreat_vs_CertainSafe,cue_CertainThreat_vs_CertainSafe_c0.nii.gz,Ceko_NE,dot_raw,0.100118715
RDC139,CertainThreat_vs_CertainSafe,cue_CertainThreat_vs_CertainSafe_c0.nii.gz,LiuBecker_Amb,dot_raw,1.313163119
RDC141,CertainThreat_vs_CertainSafe,cue_CertainThreat_vs_CertainSafe_c0.nii.gz,Ceko_NE,dot_raw,0.30217647
RDC141,CertainThreat_vs_CertainSafe,cue_CertainThreat_vs_CertainSafe_c0.nii.gz,LiuBecker_Amb,dot_raw,0.489879931
RDC143,CertainThreat_vs_CertainSafe,cue_CertainThreat_vs_CertainSafe_c0.nii.gz,Ceko_NE,dot_raw,0.01641794
RDC143,CertainThreat_vs_CertainSafe,cue_CertainThreat_vs_CertainSafe_c0.nii.gz,LiuBecker_Amb,dot_raw,1.887046188
RDC144,CertainThreat_vs_CertainSafe,cue_CertainThreat_vs_CertainSafe_c0.nii.gz,Ceko_NE,dot_raw,0.214832752
RDC144,CertainThreat_vs_CertainSafe,cue_CertainThreat_vs_CertainSafe_c0.nii.gz,LiuBecker_Amb,dot_raw,2.059634658
RDC145,CertainThreat_vs_CertainSafe,cue_CertainThreat_vs_CertainSafe_c0.nii.gz,Ceko_NE,dot_raw,0.221804101
RDC145,CertainThreat_vs_CertainSafe,cue_CertainThreat_vs_CertainSafe_c0.nii.gz,LiuBecker_Amb,dot_raw,3.065970986
RDC146,CertainThreat_vs_CertainSafe,cue_CertainThreat_vs_CertainSafe_c0.nii.gz,Ceko_NE,dot_raw,0.182058274
RDC146,CertainThreat_vs_CertainSafe,cue_CertainThreat_vs_CertainSafe_c0.nii.gz,LiuBecker_Amb,dot_raw,2.423763113
RDC147,CertainThreat_vs_CertainSafe,cue_CertainThreat_vs_CertainSafe_c0.nii.gz,Ceko_NE,dot_raw,0.647160292
RDC147,CertainThreat_vs_CertainSafe,cue_CertainThreat_vs_CertainSafe_c0.nii.gz,LiuBecker_Amb,dot_raw,1.321080326
RDC152,CertainThreat_vs_CertainSafe,cue_CertainThreat_vs_CertainSafe_c0.nii.gz,Ceko_NE,dot_raw,0.140324905
RDC152,CertainThreat_vs_CertainSafe,cue_CertainThreat_vs_CertainSafe_c0.nii.gz,LiuBecker_Amb,dot_raw,1.722418322
RDC153,CertainThreat_vs_CertainSafe,cue_CertainThreat_vs_CertainSafe_c0.nii.gz,Ceko_NE,dot_raw,0.143948934
RDC153,CertainThreat_vs_CertainSafe,cue_CertainThreat_vs_CertainSafe_c0.nii.gz,LiuBecker_Amb,dot_raw,1.045040139
RDC154,CertainThreat_vs_CertainSafe,cue_CertainThreat_vs_CertainSafe_c0.nii.gz,Ceko_NE,dot_raw,0.108371785
RDC154,CertainThreat_vs_CertainSafe,cue_CertainThreat_vs_CertainSafe_c0.nii.gz,LiuBecker_Amb,dot_raw,2.052506282
RDC156,CertainThreat_vs_CertainSafe,cue_CertainThreat_vs_CertainSafe_c0.nii.gz,Ceko_NE,dot_raw,0.178667845
RDC156,CertainThreat_vs_CertainSafe,cue_CertainThreat_vs_CertainSafe_c0.nii.gz,LiuBecker_Amb,dot_raw,1.698101098
RDC157,CertainThreat_vs_CertainSafe,cue_CertainThreat_vs_CertainSafe_c0.nii.gz,Ceko_NE,dot_raw,0.427150542
RDC157,CertainThreat_vs_CertainSafe,cue_CertainThreat_vs_CertainSafe_c0.nii.gz,LiuBecker_Amb,dot_raw,1.521465341
RDC159,CertainThreat_vs_CertainSafe,cue_CertainThreat_vs_CertainSafe_c0.nii.gz,Ceko_NE,dot_raw,0.027083751
RDC159,CertainThreat_vs_CertainSafe,cue_CertainThreat_vs_CertainSafe_c0.nii.gz,LiuBecker_Amb,dot_raw,1.645834362
RDC161,CertainThreat_vs_CertainSafe,cue_CertainThreat_vs_CertainSafe_c0.nii.gz,Ceko_NE,dot_raw,0.102850825
RDC161,CertainThreat_vs_CertainSafe,cue_CertainThreat_vs_CertainSafe_c0.nii.gz,LiuBecker_Amb,dot_raw,1.346731249
RDC164,CertainThreat_vs_CertainSafe,cue_CertainThreat_vs_CertainSafe_c0.nii.gz,Ceko_NE,dot_raw,0.169249967
RDC164,CertainThreat_vs_CertainSafe,cue_CertainThreat_vs_CertainSafe_c0.nii.gz,LiuBecker_Amb,dot_raw,0.459570652
RDC165,CertainThreat_vs_CertainSafe,cue_CertainThreat_vs_CertainSafe_c0.nii.gz,Ceko_NE,dot_raw,0.471815241
RDC165,CertainThreat_vs_CertainSafe,cue_CertainThreat_vs_CertainSafe_c0.nii.gz,LiuBecker_Amb,dot_raw,1.837764851
RDC167,CertainThreat_vs_CertainSafe,cue_CertainThreat_vs_CertainSafe_c0.nii.gz,Ceko_NE,dot_raw,0.199608678
RDC167,CertainThreat_vs_CertainSafe,cue_CertainThreat_vs_CertainSafe_c0.nii.gz,LiuBecker_Amb,dot_raw,0.904275256
RDC171,CertainThreat_vs_CertainSafe,cue_CertainThreat_vs_CertainSafe_c0.nii.gz,Ceko_NE,dot_raw,-0.126231597
RDC171,CertainThreat_vs_CertainSafe,cue_CertainThreat_vs_CertainSafe_c0.nii.gz,LiuBecker_Amb,dot_raw,1.749682262
RDC172,CertainThreat_vs_CertainSafe,cue_CertainThreat_vs_CertainSafe_c0.nii.gz,Ceko_NE,dot_raw,0.099386325
RDC172,CertainThreat_vs_CertainSafe,cue_CertainThreat_vs_CertainSafe_c0.nii.gz,LiuBecker_Amb,dot_raw,0.371233927
RDC174,CertainThreat_vs_CertainSafe,cue_CertainThreat_vs_CertainSafe_c0.nii.gz,Ceko_NE,dot_raw,0.34194729
RDC174,CertainThreat_vs_CertainSafe,cue_CertainThreat_vs_CertainSafe_c0.nii.gz,LiuBecker_Amb,dot_raw,1.170523947
RDC175,CertainThreat_vs_CertainSafe,cue_CertainThreat_vs_CertainSafe_c0.nii.gz,Ceko_NE,dot_raw,0.238592109
RDC175,CertainThreat_vs_CertainSafe,cue_CertainThreat_vs_CertainSafe_c0.nii.gz,LiuBecker_Amb,dot_raw,1.328149991
RDC176,CertainThreat_vs_CertainSafe,cue_CertainThreat_vs_CertainSafe_c0.nii.gz,Ceko_NE,dot_raw,0.196906629
RDC176,CertainThreat_vs_CertainSafe,cue_CertainThreat_vs_CertainSafe_c0.nii.gz,LiuBecker_Amb,dot_raw,1.512772996
RDC177,CertainThreat_vs_CertainSafe,cue_CertainThreat_vs_CertainSafe_c0.nii.gz,Ceko_NE,dot_raw,0.304039212
RDC177,CertainThreat_vs_CertainSafe,cue_CertainThreat_vs_CertainSafe_c0.nii.gz,LiuBecker_Amb,dot_raw,0.997522245
RDC178,CertainThreat_vs_CertainSafe,cue_CertainThreat_vs_CertainSafe_c0.nii.gz,Ceko_NE,dot_raw,0.206434714
RDC178,CertainThreat_vs_CertainSafe,cue_CertainThreat_vs_CertainSafe_c0.nii.gz,LiuBecker_Amb,dot_raw,1.202856101
RDC180,CertainThreat_vs_CertainSafe,cue_CertainThreat_vs_CertainSafe_c0.nii.gz,Ceko_NE,dot_raw,0.164088375
RDC180,CertainThreat_vs_CertainSafe,cue_CertainThreat_vs_CertainSafe_c0.nii.gz,LiuBecker_Amb,dot_raw,-0.626762888
RDC183,CertainThreat_vs_CertainSafe,cue_CertainThreat_vs_CertainSafe_c0.nii.gz,Ceko_NE,dot_raw,0.562867017
RDC183,CertainThreat_vs_CertainSafe,cue_CertainThreat_vs_CertainSafe_c0.nii.gz,LiuBecker_Amb,dot_raw,0.965349003
RDC184,CertainThreat_vs_CertainSafe,cue_CertainThreat_vs_CertainSafe_c0.nii.gz,Ceko_NE,dot_raw,0.15231936
RDC184,CertainThreat_vs_CertainSafe,cue_CertainThreat_vs_CertainSafe_c0.nii.gz,LiuBecker_Amb,dot_raw,1.495529381
RDC186,CertainThreat_vs_CertainSafe,cue_CertainThreat_vs_CertainSafe_c0.nii.gz,Ceko_NE,dot_raw,0.292508702
RDC186,CertainThreat_vs_CertainSafe,cue_CertainThreat_vs_CertainSafe_c0.nii.gz,LiuBecker_Amb,dot_raw,0.880200454
RDC189,CertainThreat_vs_CertainSafe,cue_CertainThreat_vs_CertainSafe_c0.nii.gz,Ceko_NE,dot_raw,0.18681179
RDC189,CertainThreat_vs_CertainSafe,cue_CertainThreat_vs_CertainSafe_c0.nii.gz,LiuBecker_Amb,dot_raw,2.727194998
RDC190,CertainThreat_vs_CertainSafe,cue_CertainThreat_vs_CertainSafe_c0.nii.gz,Ceko_NE,dot_raw,0.309471328
RDC190,CertainThreat_vs_CertainSafe,cue_CertainThreat_vs_CertainSafe_c0.nii.gz,LiuBecker_Amb,dot_raw,1.71790298
RDC192,CertainThreat_vs_CertainSafe,cue_CertainThreat_vs_CertainSafe_c0.nii.gz,Ceko_NE,dot_raw,0.284027503
RDC192,CertainThreat_vs_CertainSafe,cue_CertainThreat_vs_CertainSafe_c0.nii.gz,LiuBecker_Amb,dot_raw,1.486146273
RDC193,CertainThreat_vs_CertainSafe,cue_CertainThreat_vs_CertainSafe_c0.nii.gz,Ceko_NE,dot_raw,0.154461395
RDC193,CertainThreat_vs_CertainSafe,cue_CertainThreat_vs_CertainSafe_c0.nii.gz,LiuBecker_Amb,dot_raw,2.681830136
RDC195,CertainThreat_vs_CertainSafe,cue_CertainThreat_vs_CertainSafe_c0.nii.gz,Ceko_NE,dot_raw,0.331802888
RDC195,CertainThreat_vs_CertainSafe,cue_CertainThreat_vs_CertainSafe_c0.nii.gz,LiuBecker_Amb,dot_raw,1.501184594
RDC196,CertainThreat_vs_CertainSafe,cue_CertainThreat_vs_CertainSafe_c0.nii.gz,Ceko_NE,dot_raw,0.55868842
RDC196,CertainThreat_vs_CertainSafe,cue_CertainThreat_vs_CertainSafe_c0.nii.gz,LiuBecker_Amb,dot_raw,1.886336105
RDC198,CertainThreat_vs_CertainSafe,cue_CertainThreat_vs_CertainSafe_c0.nii.gz,Ceko_NE,dot_raw,0.223066493
RDC198,CertainThreat_vs_CertainSafe,cue_CertainThreat_vs_CertainSafe_c0.nii.gz,LiuBecker_Amb,dot_raw,1.491969272
RDC200,CertainThreat_vs_CertainSafe,cue_CertainThreat_vs_CertainSafe_c0.nii.gz,Ceko_NE,dot_raw,0.02963884
RDC200,CertainThreat_vs_CertainSafe,cue_CertainThreat_vs_CertainSafe_c0.nii.gz,LiuBecker_Amb,dot_raw,1.146997523
RDC202,CertainThreat_vs_CertainSafe,cue_CertainThreat_vs_CertainSafe_c0.nii.gz,Ceko_NE,dot_raw,0.539920308
RDC202,CertainThreat_vs_CertainSafe,cue_CertainThreat_vs_CertainSafe_c0.nii.gz,LiuBecker_Amb,dot_raw,2.283676478
RDC203,CertainThreat_vs_CertainSafe,cue_CertainThreat_vs_CertainSafe_c0.nii.gz,Ceko_NE,dot_raw,0.448535463
RDC203,CertainThreat_vs_CertainSafe,cue_CertainThreat_vs_CertainSafe_c0.nii.gz,LiuBecker_Amb,dot_raw,1.388138294
RDC204,CertainThreat_vs_CertainSafe,cue_CertainThreat_vs_CertainSafe_c0.nii.gz,Ceko_NE,dot_raw,0.316238452
RDC204,CertainThreat_vs_CertainSafe,cue_CertainThreat_vs_CertainSafe_c0.nii.gz,LiuBecker_Amb,dot_raw,-0.447662052
RDC207,CertainThreat_vs_CertainSafe,cue_CertainThreat_vs_CertainSafe_c0.nii.gz,Ceko_NE,dot_raw,0.087759393
RDC207,CertainThreat_vs_CertainSafe,cue_CertainThreat_vs_CertainSafe_c0.nii.gz,LiuBecker_Amb,dot_raw,1.502985399
RDC208,CertainThreat_vs_CertainSafe,cue_CertainThreat_vs_CertainSafe_c0.nii.gz,Ceko_NE,dot_raw,0.192119984
RDC208,CertainThreat_vs_CertainSafe,cue_CertainThreat_vs_CertainSafe_c0.nii.gz,LiuBecker_Amb,dot_raw,2.807774384
RDC209,CertainThreat_vs_CertainSafe,cue_CertainThreat_vs_CertainSafe_c0.nii.gz,Ceko_NE,dot_raw,0.468476722
RDC209,CertainThreat_vs_CertainSafe,cue_CertainThreat_vs_CertainSafe_c0.nii.gz,LiuBecker_Amb,dot_raw,2.750956213
RDC210,CertainThreat_vs_CertainSafe,cue_CertainThreat_vs_CertainSafe_c0.nii.gz,Ceko_NE,dot_raw,0.251234128
RDC210,CertainThreat_vs_CertainSafe,cue_CertainThreat_vs_CertainSafe_c0.nii.gz,LiuBecker_Amb,dot_raw,1.766025113
RDC211,CertainThreat_vs_CertainSafe,cue_CertainThreat_vs_CertainSafe_c0.nii.gz,Ceko_NE,dot_raw,-0.04357128
RDC211,CertainThreat_vs_CertainSafe,cue_CertainThreat_vs_CertainSafe_c0.nii.gz,LiuBecker_Amb,dot_raw,1.477804922
RDC212,CertainThreat_vs_CertainSafe,cue_CertainThreat_vs_CertainSafe_c0.nii.gz,Ceko_NE,dot_raw,-0.014672816
RDC212,CertainThreat_vs_CertainSafe,cue_CertainThreat_vs_CertainSafe_c0.nii.gz,LiuBecker_Amb,dot_raw,1.338923045
RDC213,CertainThreat_vs_CertainSafe,cue_CertainThreat_vs_CertainSafe_c0.nii.gz,Ceko_NE,dot_raw,0.266900488
RDC213,CertainThreat_vs_CertainSafe,cue_CertainThreat_vs_CertainSafe_c0.nii.gz,LiuBecker_Amb,dot_raw,0.474531987
RDC214,CertainThreat_vs_CertainSafe,cue_CertainThreat_vs_CertainSafe_c0.nii.gz,Ceko_NE,dot_raw,0.450564174
RDC214,CertainThreat_vs_CertainSafe,cue_CertainThreat_vs_CertainSafe_c0.nii.gz,LiuBecker_Amb,dot_raw,1.915561888
RDC216,CertainThreat_vs_CertainSafe,cue_CertainThreat_vs_CertainSafe_c0.nii.gz,Ceko_NE,dot_raw,0.253523763
RDC216,CertainThreat_vs_CertainSafe,cue_CertainThreat_vs_CertainSafe_c0.nii.gz,LiuBecker_Amb,dot_raw,-0.040378099
RDC217,CertainThreat_vs_CertainSafe,cue_CertainThreat_vs_CertainSafe_c0.nii.gz,Ceko_NE,dot_raw,0.230817787
RDC217,CertainThreat_vs_CertainSafe,cue_CertainThreat_vs_CertainSafe_c0.nii.gz,LiuBecker_Amb,dot_raw,2.271022526
RDC220,CertainThreat_vs_CertainSafe,cue_CertainThreat_vs_CertainSafe_c0.nii.gz,Ceko_NE,dot_raw,-0.280780906
RDC220,CertainThreat_vs_CertainSafe,cue_CertainThreat_vs_CertainSafe_c0.nii.gz,LiuBecker_Amb,dot_raw,1.938131107
RDC221,CertainThreat_vs_CertainSafe,cue_CertainThreat_vs_CertainSafe_c0.nii.gz,Ceko_NE,dot_raw,0.402935086
RDC221,CertainThreat_vs_CertainSafe,cue_CertainThreat_vs_CertainSafe_c0.nii.gz,LiuBecker_Amb,dot_raw,-0.507071889
RDC222,CertainThreat_vs_CertainSafe,cue_CertainThreat_vs_CertainSafe_c0.nii.gz,Ceko_NE,dot_raw,0.012172847
RDC222,CertainThreat_vs_CertainSafe,cue_CertainThreat_vs_CertainSafe_c0.nii.gz,LiuBecker_Amb,dot_raw,0.72918109
RDC225,CertainThreat_vs_CertainSafe,cue_CertainThreat_vs_CertainSafe_c0.nii.gz,Ceko_NE,dot_raw,0.397479812
RDC225,CertainThreat_vs_CertainSafe,cue_CertainThreat_vs_CertainSafe_c0.nii.gz,LiuBecker_Amb,dot_raw,2.446878324
RDC226,CertainThreat_vs_CertainSafe,cue_CertainThreat_vs_CertainSafe_c0.nii.gz,Ceko_NE,dot_raw,0.197954661
RDC226,CertainThreat_vs_CertainSafe,cue_CertainThreat_vs_CertainSafe_c0.nii.gz,LiuBecker_Amb,dot_raw,1.057505302
RDC227,CertainThreat_vs_CertainSafe,cue_CertainThreat_vs_CertainSafe_c0.nii.gz,Ceko_NE,dot_raw,-0.022491123
RDC227,CertainThreat_vs_CertainSafe,cue_CertainThreat_vs_CertainSafe_c0.nii.gz,LiuBecker_Amb,dot_raw,1.919574132
RDC228,CertainThreat_vs_CertainSafe,cue_CertainThreat_vs_CertainSafe_c0.nii.gz,Ceko_NE,dot_raw,0.359801717
RDC228,CertainThreat_vs_CertainSafe,cue_CertainThreat_vs_CertainSafe_c0.nii.gz,LiuBecker_Amb,dot_raw,0.983124187
RDC229,CertainThreat_vs_CertainSafe,cue_CertainThreat_vs_CertainSafe_c0.nii.gz,Ceko_NE,dot_raw,0.068761292
RDC229,CertainThreat_vs_CertainSafe,cue_CertainThreat_vs_CertainSafe_c0.nii.gz,LiuBecker_Amb,dot_raw,0.16254412
RDC230,CertainThreat_vs_CertainSafe,cue_CertainThreat_vs_CertainSafe_c0.nii.gz,Ceko_NE,dot_raw,0.520559594
RDC230,CertainThreat_vs_CertainSafe,cue_CertainThreat_vs_CertainSafe_c0.nii.gz,LiuBecker_Amb,dot_raw,0.760714986
RDC231,CertainThreat_vs_CertainSafe,cue_CertainThreat_vs_CertainSafe_c0.nii.gz,Ceko_NE,dot_raw,0.338599932
RDC231,CertainThreat_vs_CertainSafe,cue_CertainThreat_vs_CertainSafe_c0.nii.gz,LiuBecker_Amb,dot_raw,1.847202825
RDC232,CertainThreat_vs_CertainSafe,cue_CertainThreat_vs_CertainSafe_c0.nii.gz,Ceko_NE,dot_raw,0.385630666
RDC232,CertainThreat_vs_CertainSafe,cue_CertainThreat_vs_CertainSafe_c0.nii.gz,LiuBecker_Amb,dot_raw,0.80711867
RDC233,CertainThreat_vs_CertainSafe,cue_CertainThreat_vs_CertainSafe_c0.nii.gz,Ceko_NE,dot_raw,0.210004624
RDC233,CertainThreat_vs_CertainSafe,cue_CertainThreat_vs_CertainSafe_c0.nii.gz,LiuBecker_Amb,dot_raw,0.261638202
RDC234,CertainThreat_vs_CertainSafe,cue_CertainThreat_vs_CertainSafe_c0.nii.gz,Ceko_NE,dot_raw,0.397397205
RDC234,CertainThreat_vs_CertainSafe,cue_CertainThreat_vs_CertainSafe_c0.nii.gz,LiuBecker_Amb,dot_raw,0.688967303
RDC235,CertainThreat_vs_CertainSafe,cue_CertainThreat_vs_CertainSafe_c0.nii.gz,Ceko_NE,dot_raw,0.180404223
RDC235,CertainThreat_vs_CertainSafe,cue_CertainThreat_vs_CertainSafe_c0.nii.gz,LiuBecker_Amb,dot_raw,1.561159019
RDC236,CertainThreat_vs_CertainSafe,cue_CertainThreat_vs_CertainSafe_c0.nii.gz,Ceko_NE,dot_raw,0.271563526
RDC236,CertainThreat_vs_CertainSafe,cue_CertainThreat_vs_CertainSafe_c0.nii.gz,LiuBecker_Amb,dot_raw,1.923363124
RDC237,CertainThreat_vs_CertainSafe,cue_CertainThreat_vs_CertainSafe_c0.nii.gz,Ceko_NE,dot_raw,0.338797929
RDC237,CertainThreat_vs_CertainSafe,cue_CertainThreat_vs_CertainSafe_c0.nii.gz,LiuBecker_Amb,dot_raw,1.919681628
RDC238,CertainThreat_vs_CertainSafe,cue_CertainThreat_vs_CertainSafe_c0.nii.gz,Ceko_NE,dot_raw,0.186776
RDC238,CertainThreat_vs_CertainSafe,cue_CertainThreat_vs_CertainSafe_c0.nii.gz,LiuBecker_Amb,dot_raw,2.053100583
RDC243,CertainThreat_vs_CertainSafe,cue_CertainThreat_vs_CertainSafe_c0.nii.gz,Ceko_NE,dot_raw,0.179907128
RDC243,CertainThreat_vs_CertainSafe,cue_CertainThreat_vs_CertainSafe_c0.nii.gz,LiuBecker_Amb,dot_raw,0.364092443
RDC244,CertainThreat_vs_CertainSafe,cue_CertainThreat_vs_CertainSafe_c0.nii.gz,Ceko_NE,dot_raw,0.445611528
RDC244,CertainThreat_vs_CertainSafe,cue_CertainThreat_vs_CertainSafe_c0.nii.gz,LiuBecker_Amb,dot_raw,-0.610264629
RDC246,CertainThreat_vs_CertainSafe,cue_CertainThreat_vs_CertainSafe_c0.nii.gz,Ceko_NE,dot_raw,0.11276259
RDC246,CertainThreat_vs_CertainSafe,cue_CertainThreat_vs_CertainSafe_c0.nii.gz,LiuBecker_Amb,dot_raw,0.747224427
RDC247,CertainThreat_vs_CertainSafe,cue_CertainThreat_vs_CertainSafe_c0.nii.gz,Ceko_NE,dot_raw,0.083348504
RDC247,CertainThreat_vs_CertainSafe,cue_CertainThreat_vs_CertainSafe_c0.nii.gz,LiuBecker_Amb,dot_raw,0.657280783
RDC248,CertainThreat_vs_CertainSafe,cue_CertainThreat_vs_CertainSafe_c0.nii.gz,Ceko_NE,dot_raw,0.098221745
RDC248,CertainThreat_vs_CertainSafe,cue_CertainThreat_vs_CertainSafe_c0.nii.gz,LiuBecker_Amb,dot_raw,0.713643556
RDC249,CertainThreat_vs_CertainSafe,cue_CertainThreat_vs_CertainSafe_c0.nii.gz,Ceko_NE,dot_raw,0.191373418
RDC249,CertainThreat_vs_CertainSafe,cue_CertainThreat_vs_CertainSafe_c0.nii.gz,LiuBecker_Amb,dot_raw,0.943997067
RDC250,CertainThreat_vs_CertainSafe,cue_CertainThreat_vs_CertainSafe_c0.nii.gz,Ceko_NE,dot_raw,0.238765422
RDC250,CertainThreat_vs_CertainSafe,cue_CertainThreat_vs_CertainSafe_c0.nii.gz,LiuBecker_Amb,dot_raw,1.177105613
RDC259,CertainThreat_vs_CertainSafe,cue_CertainThreat_vs_CertainSafe_c0.nii.gz,Ceko_NE,dot_raw,0.019499575
RDC259,CertainThreat_vs_CertainSafe,cue_CertainThreat_vs_CertainSafe_c0.nii.gz,LiuBecker_Amb,dot_raw,0.952730149
RDC261,CertainThreat_vs_CertainSafe,cue_CertainThreat_vs_CertainSafe_c0.nii.gz,Ceko_NE,dot_raw,0.004062216
RDC261,CertainThreat_vs_CertainSafe,cue_CertainThreat_vs_CertainSafe_c0.nii.gz,LiuBecker_Amb,dot_raw,2.117812001
RDC263,CertainThreat_vs_CertainSafe,cue_CertainThreat_vs_CertainSafe_c0.nii.gz,Ceko_NE,dot_raw,0.429099318
RDC263,CertainThreat_vs_CertainSafe,cue_CertainThreat_vs_CertainSafe_c0.nii.gz,LiuBecker_Amb,dot_raw,2.818901214
RDC102,UncertainThreat_vs_CertainThreat,cue_UncertainThreat_vs_CertainThreat_c0.nii.gz,Ceko_NE,dot_raw,0.020749452
RDC102,UncertainThreat_vs_CertainThreat,cue_UncertainThreat_vs_CertainThreat_c0.nii.gz,LiuBecker_Amb,dot_raw,-1.222274685
RDC104,UncertainThreat_vs_CertainThreat,cue_UncertainThreat_vs_CertainThreat_c0.nii.gz,Ceko_NE,dot_raw,-0.11717233
RDC104,UncertainThreat_vs_CertainThreat,cue_UncertainThreat_vs_CertainThreat_c0.nii.gz,LiuBecker_Amb,dot_raw,-0.510589517
RDC105,UncertainThreat_vs_CertainThreat,cue_UncertainThreat_vs_CertainThreat_c0.nii.gz,Ceko_NE,dot_raw,0.020407554
RDC105,UncertainThreat_vs_CertainThreat,cue_UncertainThreat_vs_CertainThreat_c0.nii.gz,LiuBecker_Amb,dot_raw,-1.367492036
RDC106,UncertainThreat_vs_CertainThreat,cue_UncertainThreat_vs_CertainThreat_c0.nii.gz,Ceko_NE,dot_raw,-0.134230272
RDC106,UncertainThreat_vs_CertainThreat,cue_UncertainThreat_vs_CertainThreat_c0.nii.gz,LiuBecker_Amb,dot_raw,-0.844238871
RDC107,UncertainThreat_vs_CertainThreat,cue_UncertainThreat_vs_CertainThreat_c0.nii.gz,Ceko_NE,dot_raw,-0.078482673
RDC107,UncertainThreat_vs_CertainThreat,cue_UncertainThreat_vs_CertainThreat_c0.nii.gz,LiuBecker_Amb,dot_raw,0.218090203
RDC109,UncertainThreat_vs_CertainThreat,cue_UncertainThreat_vs_CertainThreat_c0.nii.gz,Ceko_NE,dot_raw,-0.147134647
RDC109,UncertainThreat_vs_CertainThreat,cue_UncertainThreat_vs_CertainThreat_c0.nii.gz,LiuBecker_Amb,dot_raw,-0.647928171
RDC110,UncertainThreat_vs_CertainThreat,cue_UncertainThreat_vs_CertainThreat_c0.nii.gz,Ceko_NE,dot_raw,-0.038641723
RDC110,UncertainThreat_vs_CertainThreat,cue_UncertainThreat_vs_CertainThreat_c0.nii.gz,LiuBecker_Amb,dot_raw,0.224925412
RDC111,UncertainThreat_vs_CertainThreat,cue_UncertainThreat_vs_CertainThreat_c0.nii.gz,Ceko_NE,dot_raw,-0.106592643
RDC111,UncertainThreat_vs_CertainThreat,cue_UncertainThreat_vs_CertainThreat_c0.nii.gz,LiuBecker_Amb,dot_raw,-0.513780804
RDC113,UncertainThreat_vs_CertainThreat,cue_UncertainThreat_vs_CertainThreat_c0.nii.gz,Ceko_NE,dot_raw,0.099518168
RDC113,UncertainThreat_vs_CertainThreat,cue_UncertainThreat_vs_CertainThreat_c0.nii.gz,LiuBecker_Amb,dot_raw,-0.836252854
RDC116,UncertainThreat_vs_CertainThreat,cue_UncertainThreat_vs_CertainThreat_c0.nii.gz,Ceko_NE,dot_raw,-0.199112032
RDC116,UncertainThreat_vs_CertainThreat,cue_UncertainThreat_vs_CertainThreat_c0.nii.gz,LiuBecker_Amb,dot_raw,-1.11518487
RDC117,UncertainThreat_vs_CertainThreat,cue_UncertainThreat_vs_CertainThreat_c0.nii.gz,Ceko_NE,dot_raw,8.64E-05
RDC117,UncertainThreat_vs_CertainThreat,cue_UncertainThreat_vs_CertainThreat_c0.nii.gz,LiuBecker_Amb,dot_raw,-0.999084528
RDC120,UncertainThreat_vs_CertainThreat,cue_UncertainThreat_vs_CertainThreat_c0.nii.gz,Ceko_NE,dot_raw,-0.179410793
RDC120,UncertainThreat_vs_CertainThreat,cue_UncertainThreat_vs_CertainThreat_c0.nii.gz,LiuBecker_Amb,dot_raw,-1.05349531
RDC125,UncertainThreat_vs_CertainThreat,cue_UncertainThreat_vs_CertainThreat_c0.nii.gz,Ceko_NE,dot_raw,-0.002587093
RDC125,UncertainThreat_vs_CertainThreat,cue_UncertainThreat_vs_CertainThreat_c0.nii.gz,LiuBecker_Amb,dot_raw,-2.123978765
RDC126,UncertainThreat_vs_CertainThreat,cue_UncertainThreat_vs_CertainThreat_c0.nii.gz,Ceko_NE,dot_raw,-0.052937177
RDC126,UncertainThreat_vs_CertainThreat,cue_UncertainThreat_vs_CertainThreat_c0.nii.gz,LiuBecker_Amb,dot_raw,-1.394834791
RDC127,UncertainThreat_vs_CertainThreat,cue_UncertainThreat_vs_CertainThreat_c0.nii.gz,Ceko_NE,dot_raw,-0.026664116
RDC127,UncertainThreat_vs_CertainThreat,cue_UncertainThreat_vs_CertainThreat_c0.nii.gz,LiuBecker_Amb,dot_raw,0.093050257
RDC128,UncertainThreat_vs_CertainThreat,cue_UncertainThreat_vs_CertainThreat_c0.nii.gz,Ceko_NE,dot_raw,0.04504988
RDC128,UncertainThreat_vs_CertainThreat,cue_UncertainThreat_vs_CertainThreat_c0.nii.gz,LiuBecker_Amb,dot_raw,-1.334315237
RDC129,UncertainThreat_vs_CertainThreat,cue_UncertainThreat_vs_CertainThreat_c0.nii.gz,Ceko_NE,dot_raw,-0.077344514
RDC129,UncertainThreat_vs_CertainThreat,cue_UncertainThreat_vs_CertainThreat_c0.nii.gz,LiuBecker_Amb,dot_raw,-1.87313612
RDC130,UncertainThreat_vs_CertainThreat,cue_UncertainThreat_vs_CertainThreat_c0.nii.gz,Ceko_NE,dot_raw,-0.361087763
RDC130,UncertainThreat_vs_CertainThreat,cue_UncertainThreat_vs_CertainThreat_c0.nii.gz,LiuBecker_Amb,dot_raw,-0.983748857
RDC131,UncertainThreat_vs_CertainThreat,cue_UncertainThreat_vs_CertainThreat_c0.nii.gz,Ceko_NE,dot_raw,-0.122315867
RDC131,UncertainThreat_vs_CertainThreat,cue_UncertainThreat_vs_CertainThreat_c0.nii.gz,LiuBecker_Amb,dot_raw,-0.599972717
RDC132,UncertainThreat_vs_CertainThreat,cue_UncertainThreat_vs_CertainThreat_c0.nii.gz,Ceko_NE,dot_raw,-0.106932342
RDC132,UncertainThreat_vs_CertainThreat,cue_UncertainThreat_vs_CertainThreat_c0.nii.gz,LiuBecker_Amb,dot_raw,-1.075236006
RDC133,UncertainThreat_vs_CertainThreat,cue_UncertainThreat_vs_CertainThreat_c0.nii.gz,Ceko_NE,dot_raw,0.075371517
RDC133,UncertainThreat_vs_CertainThreat,cue_UncertainThreat_vs_CertainThreat_c0.nii.gz,LiuBecker_Amb,dot_raw,-1.064147389
RDC134,UncertainThreat_vs_CertainThreat,cue_UncertainThreat_vs_CertainThreat_c0.nii.gz,Ceko_NE,dot_raw,-0.21175813
RDC134,UncertainThreat_vs_CertainThreat,cue_UncertainThreat_vs_CertainThreat_c0.nii.gz,LiuBecker_Amb,dot_raw,-0.960922781
RDC136,UncertainThreat_vs_CertainThreat,cue_UncertainThreat_vs_CertainThreat_c0.nii.gz,Ceko_NE,dot_raw,-0.147645284
RDC136,UncertainThreat_vs_CertainThreat,cue_UncertainThreat_vs_CertainThreat_c0.nii.gz,LiuBecker_Amb,dot_raw,-0.213576311
RDC137,UncertainThreat_vs_CertainThreat,cue_UncertainThreat_vs_CertainThreat_c0.nii.gz,Ceko_NE,dot_raw,-0.152155261
RDC137,UncertainThreat_vs_CertainThreat,cue_UncertainThreat_vs_CertainThreat_c0.nii.gz,LiuBecker_Amb,dot_raw,-0.827758615
RDC138,UncertainThreat_vs_CertainThreat,cue_UncertainThreat_vs_CertainThreat_c0.nii.gz,Ceko_NE,dot_raw,-0.042222097
RDC138,UncertainThreat_vs_CertainThreat,cue_UncertainThreat_vs_CertainThreat_c0.nii.gz,LiuBecker_Amb,dot_raw,-1.520356333
RDC139,UncertainThreat_vs_CertainThreat,cue_UncertainThreat_vs_CertainThreat_c0.nii.gz,Ceko_NE,dot_raw,-0.018984097
RDC139,UncertainThreat_vs_CertainThreat,cue_UncertainThreat_vs_CertainThreat_c0.nii.gz,LiuBecker_Amb,dot_raw,-0.840549732
RDC141,UncertainThreat_vs_CertainThreat,cue_UncertainThreat_vs_CertainThreat_c0.nii.gz,Ceko_NE,dot_raw,0.015557298
RDC141,UncertainThreat_vs_CertainThreat,cue_UncertainThreat_vs_CertainThreat_c0.nii.gz,LiuBecker_Amb,dot_raw,0.208680954
RDC143,UncertainThreat_vs_CertainThreat,cue_UncertainThreat_vs_CertainThreat_c0.nii.gz,Ceko_NE,dot_raw,-0.068922956
RDC143,UncertainThreat_vs_CertainThreat,cue_UncertainThreat_vs_CertainThreat_c0.nii.gz,LiuBecker_Amb,dot_raw,0.311643893
RDC144,UncertainThreat_vs_CertainThreat,cue_UncertainThreat_vs_CertainThreat_c0.nii.gz,Ceko_NE,dot_raw,-0.069585739
RDC144,UncertainThreat_vs_CertainThreat,cue_UncertainThreat_vs_CertainThreat_c0.nii.gz,LiuBecker_Amb,dot_raw,-1.432847097
RDC145,UncertainThreat_vs_CertainThreat,cue_UncertainThreat_vs_CertainThreat_c0.nii.gz,Ceko_NE,dot_raw,-0.166923963
RDC145,UncertainThreat_vs_CertainThreat,cue_UncertainThreat_vs_CertainThreat_c0.nii.gz,LiuBecker_Amb,dot_raw,-1.567688099
RDC146,UncertainThreat_vs_CertainThreat,cue_UncertainThreat_vs_CertainThreat_c0.nii.gz,Ceko_NE,dot_raw,-0.015179968
RDC146,UncertainThreat_vs_CertainThreat,cue_UncertainThreat_vs_CertainThreat_c0.nii.gz,LiuBecker_Amb,dot_raw,-1.601158141
RDC147,UncertainThreat_vs_CertainThreat,cue_UncertainThreat_vs_CertainThreat_c0.nii.gz,Ceko_NE,dot_raw,-0.276055006
RDC147,UncertainThreat_vs_CertainThreat,cue_UncertainThreat_vs_CertainThreat_c0.nii.gz,LiuBecker_Amb,dot_raw,-0.042863491
RDC152,UncertainThreat_vs_CertainThreat,cue_UncertainThreat_vs_CertainThreat_c0.nii.gz,Ceko_NE,dot_raw,-0.210596823
RDC152,UncertainThreat_vs_CertainThreat,cue_UncertainThreat_vs_CertainThreat_c0.nii.gz,LiuBecker_Amb,dot_raw,-0.724911434
RDC153,UncertainThreat_vs_CertainThreat,cue_UncertainThreat_vs_CertainThreat_c0.nii.gz,Ceko_NE,dot_raw,-0.044959686
RDC153,UncertainThreat_vs_CertainThreat,cue_UncertainThreat_vs_CertainThreat_c0.nii.gz,LiuBecker_Amb,dot_raw,-0.137514643
RDC154,UncertainThreat_vs_CertainThreat,cue_UncertainThreat_vs_CertainThreat_c0.nii.gz,Ceko_NE,dot_raw,-0.053717745
RDC154,UncertainThreat_vs_CertainThreat,cue_UncertainThreat_vs_CertainThreat_c0.nii.gz,LiuBecker_Amb,dot_raw,-1.201687633
RDC156,UncertainThreat_vs_CertainThreat,cue_UncertainThreat_vs_CertainThreat_c0.nii.gz,Ceko_NE,dot_raw,-0.127184042
RDC156,UncertainThreat_vs_CertainThreat,cue_UncertainThreat_vs_CertainThreat_c0.nii.gz,LiuBecker_Amb,dot_raw,-0.519553048
RDC157,UncertainThreat_vs_CertainThreat,cue_UncertainThreat_vs_CertainThreat_c0.nii.gz,Ceko_NE,dot_raw,-0.387929489
RDC157,UncertainThreat_vs_CertainThreat,cue_UncertainThreat_vs_CertainThreat_c0.nii.gz,LiuBecker_Amb,dot_raw,-1.955016299
RDC159,UncertainThreat_vs_CertainThreat,cue_UncertainThreat_vs_CertainThreat_c0.nii.gz,Ceko_NE,dot_raw,0.006878011
RDC159,UncertainThreat_vs_CertainThreat,cue_UncertainThreat_vs_CertainThreat_c0.nii.gz,LiuBecker_Amb,dot_raw,-0.449724301
RDC161,UncertainThreat_vs_CertainThreat,cue_UncertainThreat_vs_CertainThreat_c0.nii.gz,Ceko_NE,dot_raw,0.069182838
RDC161,UncertainThreat_vs_CertainThreat,cue_UncertainThreat_vs_CertainThreat_c0.nii.gz,LiuBecker_Amb,dot_raw,-1.05093745
RDC164,UncertainThreat_vs_CertainThreat,cue_UncertainThreat_vs_CertainThreat_c0.nii.gz,Ceko_NE,dot_raw,-0.076115676
RDC164,UncertainThreat_vs_CertainThreat,cue_UncertainThreat_vs_CertainThreat_c0.nii.gz,LiuBecker_Amb,dot_raw,-0.527930311
RDC165,UncertainThreat_vs_CertainThreat,cue_UncertainThreat_vs_CertainThreat_c0.nii.gz,Ceko_NE,dot_raw,-0.308139564
RDC165,UncertainThreat_vs_CertainThreat,cue_UncertainThreat_vs_CertainThreat_c0.nii.gz,LiuBecker_Amb,dot_raw,-0.842238176
RDC167,UncertainThreat_vs_CertainThreat,cue_UncertainThreat_vs_CertainThreat_c0.nii.gz,Ceko_NE,dot_raw,-0.200251299
RDC167,UncertainThreat_vs_CertainThreat,cue_UncertainThreat_vs_CertainThreat_c0.nii.gz,LiuBecker_Amb,dot_raw,-0.830426745
RDC171,UncertainThreat_vs_CertainThreat,cue_UncertainThreat_vs_CertainThreat_c0.nii.gz,Ceko_NE,dot_raw,0.021091145
RDC171,UncertainThreat_vs_CertainThreat,cue_UncertainThreat_vs_CertainThreat_c0.nii.gz,LiuBecker_Amb,dot_raw,-1.004901284
RDC172,UncertainThreat_vs_CertainThreat,cue_UncertainThreat_vs_CertainThreat_c0.nii.gz,Ceko_NE,dot_raw,0.0121186
RDC172,UncertainThreat_vs_CertainThreat,cue_UncertainThreat_vs_CertainThreat_c0.nii.gz,LiuBecker_Amb,dot_raw,-0.335724055
RDC174,UncertainThreat_vs_CertainThreat,cue_UncertainThreat_vs_CertainThreat_c0.nii.gz,Ceko_NE,dot_raw,-0.145806529
RDC174,UncertainThreat_vs_CertainThreat,cue_UncertainThreat_vs_CertainThreat_c0.nii.gz,LiuBecker_Amb,dot_raw,-0.763102948
RDC175,UncertainThreat_vs_CertainThreat,cue_UncertainThreat_vs_CertainThreat_c0.nii.gz,Ceko_NE,dot_raw,-0.02079581
RDC175,UncertainThreat_vs_CertainThreat,cue_UncertainThreat_vs_CertainThreat_c0.nii.gz,LiuBecker_Amb,dot_raw,-1.037757274
RDC176,UncertainThreat_vs_CertainThreat,cue_UncertainThreat_vs_CertainThreat_c0.nii.gz,Ceko_NE,dot_raw,-0.13218317
RDC176,UncertainThreat_vs_CertainThreat,cue_UncertainThreat_vs_CertainThreat_c0.nii.gz,LiuBecker_Amb,dot_raw,-1.450187079
RDC177,UncertainThreat_vs_CertainThreat,cue_UncertainThreat_vs_CertainThreat_c0.nii.gz,Ceko_NE,dot_raw,-0.106656155
RDC177,UncertainThreat_vs_CertainThreat,cue_UncertainThreat_vs_CertainThreat_c0.nii.gz,LiuBecker_Amb,dot_raw,-0.112709266
RDC178,UncertainThreat_vs_CertainThreat,cue_UncertainThreat_vs_CertainThreat_c0.nii.gz,Ceko_NE,dot_raw,0.03490549
RDC178,UncertainThreat_vs_CertainThreat,cue_UncertainThreat_vs_CertainThreat_c0.nii.gz,LiuBecker_Amb,dot_raw,-0.575820804
RDC180,UncertainThreat_vs_CertainThreat,cue_UncertainThreat_vs_CertainThreat_c0.nii.gz,Ceko_NE,dot_raw,0.062320941
RDC180,UncertainThreat_vs_CertainThreat,cue_UncertainThreat_vs_CertainThreat_c0.nii.gz,LiuBecker_Amb,dot_raw,0.06969185
RDC183,UncertainThreat_vs_CertainThreat,cue_UncertainThreat_vs_CertainThreat_c0.nii.gz,Ceko_NE,dot_raw,-0.395570985
RDC183,UncertainThreat_vs_CertainThreat,cue_UncertainThreat_vs_CertainThreat_c0.nii.gz,LiuBecker_Amb,dot_raw,-0.482765981
RDC184,UncertainThreat_vs_CertainThreat,cue_UncertainThreat_vs_CertainThreat_c0.nii.gz,Ceko_NE,dot_raw,-0.108319146
RDC184,UncertainThreat_vs_CertainThreat,cue_UncertainThreat_vs_CertainThreat_c0.nii.gz,LiuBecker_Amb,dot_raw,-0.132567589
RDC186,UncertainThreat_vs_CertainThreat,cue_UncertainThreat_vs_CertainThreat_c0.nii.gz,Ceko_NE,dot_raw,-0.117284956
RDC186,UncertainThreat_vs_CertainThreat,cue_UncertainThreat_vs_CertainThreat_c0.nii.gz,LiuBecker_Amb,dot_raw,-0.350008752
RDC189,UncertainThreat_vs_CertainThreat,cue_UncertainThreat_vs_CertainThreat_c0.nii.gz,Ceko_NE,dot_raw,0.010382098
RDC189,UncertainThreat_vs_CertainThreat,cue_UncertainThreat_vs_CertainThreat_c0.nii.gz,LiuBecker_Amb,dot_raw,-1.692796044
RDC190,UncertainThreat_vs_CertainThreat,cue_UncertainThreat_vs_CertainThreat_c0.nii.gz,Ceko_NE,dot_raw,-0.075557386
RDC190,UncertainThreat_vs_CertainThreat,cue_UncertainThreat_vs_CertainThreat_c0.nii.gz,LiuBecker_Amb,dot_raw,-0.833811775
RDC192,UncertainThreat_vs_CertainThreat,cue_UncertainThreat_vs_CertainThreat_c0.nii.gz,Ceko_NE,dot_raw,-0.192839494
RDC192,UncertainThreat_vs_CertainThreat,cue_UncertainThreat_vs_CertainThreat_c0.nii.gz,LiuBecker_Amb,dot_raw,-0.962381051
RDC193,UncertainThreat_vs_CertainThreat,cue_UncertainThreat_vs_CertainThreat_c0.nii.gz,Ceko_NE,dot_raw,0.069729808
RDC193,UncertainThreat_vs_CertainThreat,cue_UncertainThreat_vs_CertainThreat_c0.nii.gz,LiuBecker_Amb,dot_raw,-1.255009024
RDC195,UncertainThreat_vs_CertainThreat,cue_UncertainThreat_vs_CertainThreat_c0.nii.gz,Ceko_NE,dot_raw,-0.064931289
RDC195,UncertainThreat_vs_CertainThreat,cue_UncertainThreat_vs_CertainThreat_c0.nii.gz,LiuBecker_Amb,dot_raw,-1.014145953
RDC196,UncertainThreat_vs_CertainThreat,cue_UncertainThreat_vs_CertainThreat_c0.nii.gz,Ceko_NE,dot_raw,-0.322110501
RDC196,UncertainThreat_vs_CertainThreat,cue_UncertainThreat_vs_CertainThreat_c0.nii.gz,LiuBecker_Amb,dot_raw,-0.298453584
RDC198,UncertainThreat_vs_CertainThreat,cue_UncertainThreat_vs_CertainThreat_c0.nii.gz,Ceko_NE,dot_raw,-0.126696093
RDC198,UncertainThreat_vs_CertainThreat,cue_UncertainThreat_vs_CertainThreat_c0.nii.gz,LiuBecker_Amb,dot_raw,-0.610317979
RDC200,UncertainThreat_vs_CertainThreat,cue_UncertainThreat_vs_CertainThreat_c0.nii.gz,Ceko_NE,dot_raw,-0.046087431
RDC200,UncertainThreat_vs_CertainThreat,cue_UncertainThreat_vs_CertainThreat_c0.nii.gz,LiuBecker_Amb,dot_raw,-0.835335088
RDC202,UncertainThreat_vs_CertainThreat,cue_UncertainThreat_vs_CertainThreat_c0.nii.gz,Ceko_NE,dot_raw,-0.293270561
RDC202,UncertainThreat_vs_CertainThreat,cue_UncertainThreat_vs_CertainThreat_c0.nii.gz,LiuBecker_Amb,dot_raw,-0.223994762
RDC203,UncertainThreat_vs_CertainThreat,cue_UncertainThreat_vs_CertainThreat_c0.nii.gz,Ceko_NE,dot_raw,-0.271510142
RDC203,UncertainThreat_vs_CertainThreat,cue_UncertainThreat_vs_CertainThreat_c0.nii.gz,LiuBecker_Amb,dot_raw,-0.872803529
RDC204,UncertainThreat_vs_CertainThreat,cue_UncertainThreat_vs_CertainThreat_c0.nii.gz,Ceko_NE,dot_raw,-0.090286734
RDC204,UncertainThreat_vs_CertainThreat,cue_UncertainThreat_vs_CertainThreat_c0.nii.gz,LiuBecker_Amb,dot_raw,1.009731386
RDC207,UncertainThreat_vs_CertainThreat,cue_UncertainThreat_vs_CertainThreat_c0.nii.gz,Ceko_NE,dot_raw,-0.043808339
RDC207,UncertainThreat_vs_CertainThreat,cue_UncertainThreat_vs_CertainThreat_c0.nii.gz,LiuBecker_Amb,dot_raw,-0.647926014
RDC208,UncertainThreat_vs_CertainThreat,cue_UncertainThreat_vs_CertainThreat_c0.nii.gz,Ceko_NE,dot_raw,-0.236875826
RDC208,UncertainThreat_vs_CertainThreat,cue_UncertainThreat_vs_CertainThreat_c0.nii.gz,LiuBecker_Amb,dot_raw,-1.24461867
RDC209,UncertainThreat_vs_CertainThreat,cue_UncertainThreat_vs_CertainThreat_c0.nii.gz,Ceko_NE,dot_raw,-0.221878529
RDC209,UncertainThreat_vs_CertainThreat,cue_UncertainThreat_vs_CertainThreat_c0.nii.gz,LiuBecker_Amb,dot_raw,-0.919808047
RDC210,UncertainThreat_vs_CertainThreat,cue_UncertainThreat_vs_CertainThreat_c0.nii.gz,Ceko_NE,dot_raw,-0.109021965
RDC210,UncertainThreat_vs_CertainThreat,cue_UncertainThreat_vs_CertainThreat_c0.nii.gz,LiuBecker_Amb,dot_raw,-0.949075039
RDC211,UncertainThreat_vs_CertainThreat,cue_UncertainThreat_vs_CertainThreat_c0.nii.gz,Ceko_NE,dot_raw,-0.014384042
RDC211,UncertainThreat_vs_CertainThreat,cue_UncertainThreat_vs_CertainThreat_c0.nii.gz,LiuBecker_Amb,dot_raw,-1.21914446
RDC212,UncertainThreat_vs_CertainThreat,cue_UncertainThreat_vs_CertainThreat_c0.nii.gz,Ceko_NE,dot_raw,-0.022087314
RDC212,UncertainThreat_vs_CertainThreat,cue_UncertainThreat_vs_CertainThreat_c0.nii.gz,LiuBecker_Amb,dot_raw,-1.583426439
RDC213,UncertainThreat_vs_CertainThreat,cue_UncertainThreat_vs_CertainThreat_c0.nii.gz,Ceko_NE,dot_raw,-0.17018147
RDC213,UncertainThreat_vs_CertainThreat,cue_UncertainThreat_vs_CertainThreat_c0.nii.gz,LiuBecker_Amb,dot_raw,-0.112796454
RDC214,UncertainThreat_vs_CertainThreat,cue_UncertainThreat_vs_CertainThreat_c0.nii.gz,Ceko_NE,dot_raw,-0.298046358
RDC214,UncertainThreat_vs_CertainThreat,cue_UncertainThreat_vs_CertainThreat_c0.nii.gz,LiuBecker_Amb,dot_raw,-0.991160856
RDC216,UncertainThreat_vs_CertainThreat,cue_UncertainThreat_vs_CertainThreat_c0.nii.gz,Ceko_NE,dot_raw,-0.139486372
RDC216,UncertainThreat_vs_CertainThreat,cue_UncertainThreat_vs_CertainThreat_c0.nii.gz,LiuBecker_Amb,dot_raw,-0.074404413
RDC217,UncertainThreat_vs_CertainThreat,cue_UncertainThreat_vs_CertainThreat_c0.nii.gz,Ceko_NE,dot_raw,-0.197401077
RDC217,UncertainThreat_vs_CertainThreat,cue_UncertainThreat_vs_CertainThreat_c0.nii.gz,LiuBecker_Amb,dot_raw,-1.244795255
RDC220,UncertainThreat_vs_CertainThreat,cue_UncertainThreat_vs_CertainThreat_c0.nii.gz,Ceko_NE,dot_raw,0.284906593
RDC220,UncertainThreat_vs_CertainThreat,cue_UncertainThreat_vs_CertainThreat_c0.nii.gz,LiuBecker_Amb,dot_raw,-1.321796532
RDC221,UncertainThreat_vs_CertainThreat,cue_UncertainThreat_vs_CertainThreat_c0.nii.gz,Ceko_NE,dot_raw,-0.162190016
RDC221,UncertainThreat_vs_CertainThreat,cue_UncertainThreat_vs_CertainThreat_c0.nii.gz,LiuBecker_Amb,dot_raw,0.102813249
RDC222,UncertainThreat_vs_CertainThreat,cue_UncertainThreat_vs_CertainThreat_c0.nii.gz,Ceko_NE,dot_raw,-0.060404396
RDC222,UncertainThreat_vs_CertainThreat,cue_UncertainThreat_vs_CertainThreat_c0.nii.gz,LiuBecker_Amb,dot_raw,-0.492730826
RDC225,UncertainThreat_vs_CertainThreat,cue_UncertainThreat_vs_CertainThreat_c0.nii.gz,Ceko_NE,dot_raw,-0.394792495
RDC225,UncertainThreat_vs_CertainThreat,cue_UncertainThreat_vs_CertainThreat_c0.nii.gz,LiuBecker_Amb,dot_raw,-0.82380564
RDC226,UncertainThreat_vs_CertainThreat,cue_UncertainThreat_vs_CertainThreat_c0.nii.gz,Ceko_NE,dot_raw,-0.171819741
RDC226,UncertainThreat_vs_CertainThreat,cue_UncertainThreat_vs_CertainThreat_c0.nii.gz,LiuBecker_Amb,dot_raw,-1.487581763
RDC227,UncertainThreat_vs_CertainThreat,cue_UncertainThreat_vs_CertainThreat_c0.nii.gz,Ceko_NE,dot_raw,-0.176797941
RDC227,UncertainThreat_vs_CertainThreat,cue_UncertainThreat_vs_CertainThreat_c0.nii.gz,LiuBecker_Amb,dot_raw,-0.316119118
RDC228,UncertainThreat_vs_CertainThreat,cue_UncertainThreat_vs_CertainThreat_c0.nii.gz,Ceko_NE,dot_raw,-0.115519853
RDC228,UncertainThreat_vs_CertainThreat,cue_UncertainThreat_vs_CertainThreat_c0.nii.gz,LiuBecker_Amb,dot_raw,-1.635594637
RDC229,UncertainThreat_vs_CertainThreat,cue_UncertainThreat_vs_CertainThreat_c0.nii.gz,Ceko_NE,dot_raw,-0.077151129
RDC229,UncertainThreat_vs_CertainThreat,cue_UncertainThreat_vs_CertainThreat_c0.nii.gz,LiuBecker_Amb,dot_raw,-0.567034483
RDC230,UncertainThreat_vs_CertainThreat,cue_UncertainThreat_vs_CertainThreat_c0.nii.gz,Ceko_NE,dot_raw,-0.370040985
RDC230,UncertainThreat_vs_CertainThreat,cue_UncertainThreat_vs_CertainThreat_c0.nii.gz,LiuBecker_Amb,dot_raw,0.22823854
RDC231,UncertainThreat_vs_CertainThreat,cue_UncertainThreat_vs_CertainThreat_c0.nii.gz,Ceko_NE,dot_raw,-0.162336775
RDC231,UncertainThreat_vs_CertainThreat,cue_UncertainThreat_vs_CertainThreat_c0.nii.gz,LiuBecker_Amb,dot_raw,-1.214660404
RDC232,UncertainThreat_vs_CertainThreat,cue_UncertainThreat_vs_CertainThreat_c0.nii.gz,Ceko_NE,dot_raw,-0.201663915
RDC232,UncertainThreat_vs_CertainThreat,cue_UncertainThreat_vs_CertainThreat_c0.nii.gz,LiuBecker_Amb,dot_raw,-0.447528644
RDC233,UncertainThreat_vs_CertainThreat,cue_UncertainThreat_vs_CertainThreat_c0.nii.gz,Ceko_NE,dot_raw,-0.047823135
RDC233,UncertainThreat_vs_CertainThreat,cue_UncertainThreat_vs_CertainThreat_c0.nii.gz,LiuBecker_Amb,dot_raw,-0.500329555
RDC234,UncertainThreat_vs_CertainThreat,cue_UncertainThreat_vs_CertainThreat_c0.nii.gz,Ceko_NE,dot_raw,-0.038326796
RDC234,UncertainThreat_vs_CertainThreat,cue_UncertainThreat_vs_CertainThreat_c0.nii.gz,LiuBecker_Amb,dot_raw,-0.611792249
RDC235,UncertainThreat_vs_CertainThreat,cue_UncertainThreat_vs_CertainThreat_c0.nii.gz,Ceko_NE,dot_raw,-0.025737234
RDC235,UncertainThreat_vs_CertainThreat,cue_UncertainThreat_vs_CertainThreat_c0.nii.gz,LiuBecker_Amb,dot_raw,-0.961023588
RDC236,UncertainThreat_vs_CertainThreat,cue_UncertainThreat_vs_CertainThreat_c0.nii.gz,Ceko_NE,dot_raw,-0.425993639
RDC236,UncertainThreat_vs_CertainThreat,cue_UncertainThreat_vs_CertainThreat_c0.nii.gz,LiuBecker_Amb,dot_raw,-1.230441375
RDC237,UncertainThreat_vs_CertainThreat,cue_UncertainThreat_vs_CertainThreat_c0.nii.gz,Ceko_NE,dot_raw,-0.024050379
RDC237,UncertainThreat_vs_CertainThreat,cue_UncertainThreat_vs_CertainThreat_c0.nii.gz,LiuBecker_Amb,dot_raw,-1.731377603
RDC238,UncertainThreat_vs_CertainThreat,cue_UncertainThreat_vs_CertainThreat_c0.nii.gz,Ceko_NE,dot_raw,-0.040882812
RDC238,UncertainThreat_vs_CertainThreat,cue_UncertainThreat_vs_CertainThreat_c0.nii.gz,LiuBecker_Amb,dot_raw,-0.20044501
RDC243,UncertainThreat_vs_CertainThreat,cue_UncertainThreat_vs_CertainThreat_c0.nii.gz,Ceko_NE,dot_raw,0.043896532
RDC243,UncertainThreat_vs_CertainThreat,cue_UncertainThreat_vs_CertainThreat_c0.nii.gz,LiuBecker_Amb,dot_raw,0.025721314
RDC244,UncertainThreat_vs_CertainThreat,cue_UncertainThreat_vs_CertainThreat_c0.nii.gz,Ceko_NE,dot_raw,-0.262558186
RDC244,UncertainThreat_vs_CertainThreat,cue_UncertainThreat_vs_CertainThreat_c0.nii.gz,LiuBecker_Amb,dot_raw,-0.398262175
RDC246,UncertainThreat_vs_CertainThreat,cue_UncertainThreat_vs_CertainThreat_c0.nii.gz,Ceko_NE,dot_raw,0.055325788
RDC246,UncertainThreat_vs_CertainThreat,cue_UncertainThreat_vs_CertainThreat_c0.nii.gz,LiuBecker_Amb,dot_raw,-0.564624377
RDC247,UncertainThreat_vs_CertainThreat,cue_UncertainThreat_vs_CertainThreat_c0.nii.gz,Ceko_NE,dot_raw,-0.078661042
RDC247,UncertainThreat_vs_CertainThreat,cue_UncertainThreat_vs_CertainThreat_c0.nii.gz,LiuBecker_Amb,dot_raw,-0.655311625
RDC248,UncertainThreat_vs_CertainThreat,cue_UncertainThreat_vs_CertainThreat_c0.nii.gz,Ceko_NE,dot_raw,0.039403186
RDC248,UncertainThreat_vs_CertainThreat,cue_UncertainThreat_vs_CertainThreat_c0.nii.gz,LiuBecker_Amb,dot_raw,-0.470176792
RDC249,UncertainThreat_vs_CertainThreat,cue_UncertainThreat_vs_CertainThreat_c0.nii.gz,Ceko_NE,dot_raw,-0.137797951
RDC249,UncertainThreat_vs_CertainThreat,cue_UncertainThreat_vs_CertainThreat_c0.nii.gz,LiuBecker_Amb,dot_raw,-0.38058686
RDC250,UncertainThreat_vs_CertainThreat,cue_UncertainThreat_vs_CertainThreat_c0.nii.gz,Ceko_NE,dot_raw,-0.3898012
RDC250,UncertainThreat_vs_CertainThreat,cue_UncertainThreat_vs_CertainThreat_c0.nii.gz,LiuBecker_Amb,dot_raw,-0.8109654
RDC259,UncertainThreat_vs_CertainThreat,cue_UncertainThreat_vs_CertainThreat_c0.nii.gz,Ceko_NE,dot_raw,0.038106618
RDC259,UncertainThreat_vs_CertainThreat,cue_UncertainThreat_vs_CertainThreat_c0.nii.gz,LiuBecker_Amb,dot_raw,-0.630204436
RDC261,UncertainThreat_vs_CertainThreat,cue_UncertainThreat_vs_CertainThreat_c0.nii.gz,Ceko_NE,dot_raw,-0.01086889
RDC261,UncertainThreat_vs_CertainThreat,cue_UncertainThreat_vs_CertainThreat_c0.nii.gz,LiuBecker_Amb,dot_raw,-1.324948437
RDC263,UncertainThreat_vs_CertainThreat,cue_UncertainThreat_vs_CertainThreat_c0.nii.gz,Ceko_NE,dot_raw,-0.191409368
RDC263,UncertainThreat_vs_CertainThreat,cue_UncertainThreat_vs_CertainThreat_c0.nii.gz,LiuBecker_Amb,dot_raw,-0.753374514
